// GENERATED by windows/engine/tools/gen_unicode.py — do not edit.
// Unicode 16.0.0 (Python unicodedata).
#pragma once
#include <cstdint>

namespace vtx { namespace uni {

constexpr uint32_t kClassRanges[1950] = {
  0x0,0x184,0x1D0,0x209,0x2D8,0x2F5,0x2F8,0x305,0x309,0x3D8,0x545,0x548,
  0x552,0x558,0x56D,0x570,0x57D,0x580,0x5A5,0x5A9,0x5B0,0x5C5,0x5C8,0x5D2,
  0x5D8,0x601,0x6B8,0x6C1,0x7B8,0x7C1,0xDDA,0xDE1,0xE02,0xE21,0x14A2,0x14A9,
  0x1582,0x1615,0x1632,0x1695,0x1702,0x172D,0x1762,0x176D,0x1772,0x177D,0x1803,0x1B81,
  0x1BA2,0x1BAD,0x1BB1,0x1BC0,0x1BD2,0x1BD9,0x1BF0,0x1BF9,0x1C00,0x1C25,0x1C31,0x1C38,
  0x1C41,0x1C58,0x1C61,0x1C68,0x1C71,0x1D10,0x1D19,0x1FB0,0x1FB9,0x2410,0x241B,0x2451,
  0x2980,0x2989,0x2AB8,0x2ACA,0x2AD0,0x2B01,0x2C48,0x2C8B,0x2DF0,0x2DFB,0x2E00,0x2E0B,
  0x2E18,0x2E23,0x2E30,0x2E3B,0x2E40,0x2E82,0x2F58,0x2F7A,0x2F98,0x3005,0x3030,0x3083,
  0x30D8,0x30E5,0x30E8,0x3102,0x325B,0x3304,0x3350,0x3372,0x3383,0x338A,0x36A0,0x36AA,
  0x36B3,0x36ED,0x36F0,0x36FB,0x372A,0x373B,0x3748,0x3753,0x3772,0x3784,0x37D2,0x37E8,
  0x37FA,0x3800,0x387D,0x3882,0x388B,0x3892,0x3983,0x3A58,0x3A6A,0x3D33,0x3D8A,0x3D90,
  0x3E04,0x3E52,0x3F5B,0x3FA2,0x3FB0,0x3FD2,0x3FD8,0x3FEB,0x3FF0,0x4002,0x40B3,0x40D2,
  0x40DB,0x4122,0x412B,0x4142,0x414B,0x4170,0x4202,0x42CB,0x42E0,0x4302,0x4358,0x4382,
  0x4445,0x444A,0x4478,0x4485,0x4490,0x44BB,0x4502,0x4653,0x4715,0x471B,0x4822,0x49D3,
  0x49EA,0x49F3,0x4A82,0x4A8B,0x4AC2,0x4B13,0x4B20,0x4B34,0x4B80,0x4B8A,0x4C0B,0x4C20,
  0x4C2A,0x4C68,0x4C7A,0x4C88,0x4C9A,0x4D48,0x4D52,0x4D88,0x4D92,0x4D98,0x4DB2,0x4DD0,
  0x4DE3,0x4DEA,0x4DF3,0x4E28,0x4E3B,0x4E48,0x4E5B,0x4E72,0x4E78,0x4EBB,0x4EC0,0x4EE2,
  0x4EF0,0x4EFA,0x4F13,0x4F20,0x4F34,0x4F82,0x4F90,0x4FE2,0x4FE8,0x4FF3,0x4FF8,0x500B,
  0x5020,0x502A,0x5058,0x507A,0x5088,0x509A,0x5148,0x5152,0x5188,0x5192,0x51A0,0x51AA,
  0x51B8,0x51C2,0x51D0,0x51E3,0x51E8,0x51F3,0x5218,0x523B,0x5248,0x525B,0x5270,0x528B,
  0x5290,0x52CA,0x52E8,0x52F2,0x52F8,0x5334,0x5383,0x5392,0x53AB,0x53B0,0x540B,0x5420,
  0x542A,0x5470,0x547A,0x5490,0x549A,0x5548,0x5552,0x5588,0x5592,0x55A0,0x55AA,0x55D0,
  0x55E3,0x55EA,0x55F3,0x5630,0x563B,0x5650,0x565B,0x5670,0x5682,0x5688,0x5702,0x5713,
  0x5720,0x5734,0x5780,0x57CA,0x57D3,0x5800,0x580B,0x5820,0x582A,0x5868,0x587A,0x5888,
  0x589A,0x5948,0x5952,0x5988,0x5992,0x59A0,0x59AA,0x59D0,0x59E3,0x59EA,0x59F3,0x5A28,
  0x5A3B,0x5A48,0x5A5B,0x5A70,0x5AAB,0x5AC0,0x5AE2,0x5AF0,0x5AFA,0x5B13,0x5B20,0x5B34,
  0x5B80,0x5B8A,0x5B90,0x5C13,0x5C1A,0x5C20,0x5C2A,0x5C58,0x5C72,0x5C88,0x5C92,0x5CB0,
  0x5CCA,0x5CD8,0x5CE2,0x5CE8,0x5CF2,0x5D00,0x5D1A,0x5D28,0x5D42,0x5D58,0x5D72,0x5DD0,
  0x5DF3,0x5E18,0x5E33,0x5E48,0x5E53,0x5E70,0x5E82,0x5E88,0x5EBB,0x5EC0,0x5F34,0x5F80,
  0x6003,0x602A,0x6068,0x6072,0x6088,0x6092,0x6148,0x6152,0x61D0,0x61E3,0x61EA,0x61F3,
  0x6228,0x6233,0x6248,0x6253,0x6270,0x62AB,0x62B8,0x62C2,0x62D8,0x62EA,0x62F0,0x6302,
  0x6313,0x6320,0x6334,0x6380,0x6402,0x640B,0x6420,0x642A,0x6468,0x6472,0x6488,0x6492,
  0x6548,0x6552,0x65A0,0x65AA,0x65D0,0x65E3,0x65EA,0x65F3,0x6628,0x6633,0x6648,0x6653,
  0x6670,0x66AB,0x66B8,0x66EA,0x66F8,0x6702,0x6713,0x6720,0x6734,0x6780,0x678A,0x679B,
  0x67A0,0x6803,0x6822,0x6868,0x6872,0x6888,0x6892,0x69DB,0x69EA,0x69F3,0x6A28,0x6A33,
  0x6A48,0x6A53,0x6A72,0x6A78,0x6AA2,0x6ABB,0x6AC0,0x6AFA,0x6B13,0x6B20,0x6B34,0x6B80,
  0x6BD2,0x6C00,0x6C0B,0x6C20,0x6C2A,0x6CB8,0x6CD2,0x6D90,0x6D9A,0x6DE0,0x6DEA,0x6DF0,
  0x6E02,0x6E38,0x6E53,0x6E58,0x6E7B,0x6EA8,0x6EB3,0x6EB8,0x6EC3,0x6F00,0x6F34,0x6F80,
  0x6F93,0x6FA0,0x700A,0x718B,0x7192,0x71A3,0x71D8,0x7202,0x723B,0x7278,0x7284,0x72D0,
  0x740A,0x7418,0x7422,0x7428,0x7432,0x7458,0x7462,0x7520,0x752A,0x7530,0x753A,0x758B,
  0x7592,0x75A3,0x75EA,0x75F0,0x7602,0x7628,0x7632,0x7638,0x7643,0x7678,0x7684,0x76D0,
  0x76E2,0x7700,0x7802,0x7808,0x78C3,0x78D0,0x7904,0x7950,0x79AB,0x79B0,0x79BB,0x79C0,
  0x79CB,0x79D0,0x79F3,0x7A02,0x7A40,0x7A4A,0x7B68,0x7B8B,0x7C28,0x7C33,0x7C42,0x7C6B,
  0x7CC0,0x7CCB,0x7DE8,0x7E33,0x7E38,0x8002,0x815B,0x81FA,0x8204,0x8250,0x8282,0x82B3,
  0x82D2,0x82F3,0x830A,0x8313,0x832A,0x833B,0x8372,0x838B,0x83AA,0x8413,0x8472,0x847B,
  0x8484,0x84D3,0x84F0,0x8501,0x8630,0x8639,0x8640,0x8669,0x8670,0x8681,0x87D8,0x87E2,
  0x87E9,0x8802,0x9248,0x9252,0x9270,0x9282,0x92B8,0x92C2,0x92C8,0x92D2,0x92F0,0x9302,
  0x9448,0x9452,0x9470,0x9482,0x9588,0x9592,0x95B0,0x95C2,0x95F8,0x9602,0x9608,0x9612,
  0x9630,0x9642,0x96B8,0x96C2,0x9888,0x9892,0x98B0,0x98C2,0x9AD8,0x9AEB,0x9B00,0x9C02,
  0x9C80,0x9D01,0x9FB0,0x9FC1,0x9FF0,0xA00A,0xB368,0xB37A,0xB400,0xB40A,0xB4D8,0xB502,
  0xB758,0xB78A,0xB7C8,0xB802,0xB893,0xB8B0,0xB8FA,0xB993,0xB9A8,0xBA02,0xBA93,0xBAA0,
  0xBB02,0xBB68,0xBB72,0xBB88,0xBB93,0xBBA0,0xBC02,0xBDA3,0xBEA0,0xBEBA,0xBEC0,0xBEE2,
  0xBEEB,0xBEF0,0xBF04,0xBF50,0xC05B,0xC075,0xC07B,0xC084,0xC0D0,0xC102,0xC3C8,0xC402,
  0xC42B,0xC43A,0xC54B,0xC552,0xC558,0xC582,0xC7B0,0xC802,0xC8F8,0xC903,0xC960,0xC983,
  0xC9E0,0xCA34,0xCA82,0xCB70,0xCB82,0xCBA8,0xCC02,0xCD60,0xCD82,0xCE50,0xCE84,0xCED0,
  0xD002,0xD0BB,0xD0E0,0xD102,0xD2AB,0xD2F8,0xD303,0xD3E8,0xD3FB,0xD404,0xD450,0xD484,
  0xD4D0,0xD53A,0xD540,0xD583,0xD678,0xD803,0xD82A,0xD9A3,0xDA2A,0xDA68,0xDA84,0xDAD0,
  0xDB5B,0xDBA0,0xDC03,0xDC1A,0xDD0B,0xDD72,0xDD84,0xDDD2,0xDF33,0xDFA0,0xE002,0xE123,
  0xE1C0,0xE204,0xE250,0xE26A,0xE284,0xE2D2,0xE3F0,0xE401,0xE458,0xE481,0xE5D8,0xE5E9,
  0xE600,0xE683,0xE698,0xE6A3,0xE74A,0xE76B,0xE772,0xE7A3,0xE7AA,0xE7BB,0xE7D2,0xE7D8,
  0xE801,0xE962,0xEB59,0xEBC2,0xEBC9,0xECDA,0xEE03,0xF001,0xF8B0,0xF8C1,0xF8F0,0xF901,
  0xFA30,0xFA41,0xFA70,0xFA81,0xFAC0,0xFAC9,0xFAD0,0xFAD9,0xFAE0,0xFAE9,0xFAF0,0xFAF9,
  0xFBF0,0xFC01,0xFDA8,0xFDB1,0xFDED,0xFDF1,0xFDFD,0xFE11,0xFE28,0xFE31,0xFE6D,0xFE81,
  0xFEA0,0xFEB1,0xFEE0,0xFEED,0xFF01,0xFF6D,0xFF80,0xFF91,0xFFA8,0xFFB1,0xFFED,0xFFF8,
  0x1005D,0x10080,0x10155,0x10178,0x10305,0x10328,0x10335,0x10380,0x1038A,0x10390,0x103FA,0x10400,
  0x10482,0x104E8,0x10683,0x10788,0x10811,0x10818,0x10839,0x10840,0x10851,0x108A0,0x108A9,0x108B0,
  0x108C9,0x108F0,0x10921,0x10928,0x10931,0x10938,0x10941,0x10948,0x10951,0x10970,0x10979,0x109AA,
  0x109C9,0x109D0,0x109E1,0x10A00,0x10A29,0x10A50,0x10A71,0x10A78,0x10C19,0x10C28,0x16001,0x163E2,
  0x163F1,0x16728,0x16759,0x1677B,0x16791,0x167A0,0x16801,0x16930,0x16939,0x16940,0x16969,0x16970,
  0x16982,0x16B40,0x16B7A,0x16B80,0x16BFB,0x16C02,0x16CB8,0x16D02,0x16D38,0x16D42,0x16D78,0x16D82,
  0x16DB8,0x16DC2,0x16DF8,0x16E02,0x16E38,0x16E42,0x16E78,0x16E82,0x16EB8,0x16EC2,0x16EF8,0x16F03,
  0x17000,0x1717A,0x17180,0x1802A,0x18038,0x18153,0x18180,0x1818A,0x181B0,0x181DA,0x181E8,0x1820A,
  0x184B8,0x184CB,0x184DD,0x184EA,0x18500,0x1850A,0x187D8,0x187E2,0x18800,0x1882A,0x18980,0x1898A,
  0x18C78,0x18D02,0x18E00,0x18F82,0x19000,0x1A002,0x26E00,0x27002,0x52468,0x52682,0x527F0,0x52802,
  0x53068,0x53082,0x53104,0x53152,0x53160,0x53201,0x53372,0x5337B,0x53398,0x533A3,0x533F0,0x533FA,
  0x53401,0x534E2,0x534F3,0x53502,0x53730,0x53783,0x53790,0x53805,0x538BA,0x53905,0x53911,0x53B82,
  0x53B89,0x53C42,0x53C4D,0x53C59,0x53C7A,0x53C81,0x53E70,0x53E81,0x53E90,0x53E99,0x53EA0,0x53EA9,
  0x53EE8,0x53F92,0x53FA9,0x53FBA,0x53FD1,0x53FDA,0x54013,0x5401A,0x54033,0x5403A,0x5405B,0x54062,
  0x5411B,0x54140,0x54163,0x54168,0x54202,0x543A0,0x54403,0x54412,0x545A3,0x54630,0x54684,0x546D0,
  0x54703,0x54792,0x547C0,0x547DA,0x547E0,0x547EA,0x547FB,0x54804,0x54852,0x54933,0x54970,0x54982,
  0x54A3B,0x54AA0,0x54B02,0x54BE8,0x54C03,0x54C22,0x54D9B,0x54E08,0x54E7A,0x54E84,0x54ED0,0x54F02,
  0x54F2B,0x54F32,0x54F84,0x54FD2,0x54FF8,0x55002,0x5514B,0x551B8,0x55202,0x5521B,0x55222,0x55263,
  0x55270,0x55284,0x552D0,0x55302,0x553B8,0x553D2,0x553DB,0x553F2,0x55583,0x5558A,0x55593,0x555AA,
  0x555BB,0x555CA,0x555F3,0x55602,0x5560B,0x55612,0x55618,0x556DA,0x556F0,0x55702,0x5575B,0x55780,
  0x55792,0x557AB,0x557B8,0x5580A,0x55838,0x5584A,0x55878,0x5588A,0x558B8,0x55902,0x55938,0x55942,
  0x55978,0x55981,0x55ADD,0x55AE2,0x55B01,0x55B4A,0x55B55,0x55B60,0x55B81,0x55E02,0x55F1B,0x55F58,
  0x55F63,0x55F70,0x55F84,0x55FD0,0x56002,0x6BD20,0x6BD82,0x6BE38,0x6BE5A,0x6BFE0,0x7C802,0x7D370,
  0x7D382,0x7D6D0,0x7D801,0x7D838,0x7D899,0x7D8C0,0x7D8EA,0x7D8F3,0x7D8FA,0x7D948,0x7D952,0x7D9B8,
  0x7D9C2,0x7D9E8,0x7D9F2,0x7D9F8,0x7DA02,0x7DA10,0x7DA1A,0x7DA28,0x7DA32,0x7DD95,0x7DE18,0x7DE9A,
  0x7E9F0,0x7EA82,0x7EC80,0x7EC92,0x7EE40,0x7EF82,0x7EFE0,0x7F003,0x7F080,0x7F103,0x7F180,0x7F382,
  0x7F3A8,0x7F3B2,0x7F7E8,0x7F7FD,0x7F800,0x7F884,0x7F8D0,0x7F909,0x7F9D8,0x7F9F5,0x7F9F8,0x7FA05,
  0x7FA09,0x7FAD8,0x7FB32,0x7FDF8,0x7FE12,0x7FE40,0x7FE52,0x7FE80,0x7FE92,0x7FEC0,0x7FED2,0x7FEE8,
  0x7FF1D,0x7FF20,0x7FFCD,0x7FFE0,0x80002,0x80060,0x8006A,0x80138,0x80142,0x801D8,0x801E2,0x801F0,
  0x801FA,0x80270,0x80282,0x802F0,0x80402,0x807D8,0x80FEB,0x80FF0,0x81402,0x814E8,0x81502,0x81688,
  0x81703,0x81708,0x81802,0x81900,0x8196A,0x81A08,0x81A12,0x81A50,0x81A82,0x81BB3,0x81BD8,0x81C02,
  0x81CF0,0x81D02,0x81E20,0x81E42,0x81E80,0x82001,0x82282,0x824F0,0x82504,0x82550,0x82581,0x826A0,
  0x826C1,0x827E0,0x82802,0x82940,0x82982,0x82B20,0x82B81,0x82BD8,0x82BE1,0x82C58,0x82C61,0x82C98,
  0x82CA1,0x82CB0,0x82CB9,0x82D10,0x82D19,0x82D90,0x82D99,0x82DD0,0x82DD9,0x82DE8,0x82E02,0x82FA0,
  0x83002,0x839B8,0x83A02,0x83AB0,0x83B02,0x83B40,0x83C02,0x83C30,0x83C3A,0x83D88,0x83D92,0x83DD8,
  0x84002,0x84030,0x84042,0x84048,0x84052,0x841B0,0x841BA,0x841C8,0x841E2,0x841E8,0x841FA,0x842B0,
  0x84302,0x843B8,0x84402,0x844F8,0x84702,0x84798,0x847A2,0x847B0,0x84802,0x848B0,0x84902,0x849D0,
  0x84C02,0x84DC0,0x84DF2,0x84E00,0x85002,0x8500B,0x85020,0x8502B,0x85038,0x85063,0x85082,0x850A0,
  0x850AA,0x850C0,0x850CA,0x851B0,0x851C3,0x851D8,0x851FB,0x85200,0x85302,0x853E8,0x85402,0x854E8,
  0x85602,0x85640,0x8564A,0x8572B,0x85738,0x85802,0x859B0,0x85A02,0x85AB0,0x85B02,0x85B98,0x85C02,
  0x85C90,0x86002,0x86248,0x86401,0x86598,0x86601,0x86798,0x86802,0x86923,0x86940,0x86984,0x869D0,
  0x86A04,0x86A52,0x86A81,0x86B30,0x86B4B,0x86B70,0x86B7A,0x86B81,0x86C30,0x87402,0x87550,0x8755B,
  0x87568,0x87582,0x87590,0x87612,0x87628,0x877E3,0x87802,0x878E8,0x8793A,0x87940,0x87982,0x87A33,
  0x87A88,0x87B82,0x87C13,0x87C30,0x87D82,0x87E28,0x87F02,0x87FB8,0x88003,0x8801A,0x881C3,0x88238,
  0x88334,0x88383,0x8838A,0x8839B,0x883AA,0x883B0,0x883FB,0x8841A,0x88583,0x885D8,0x885ED,0x885F0,
  0x88613,0x88618,0x8866D,0x88670,0x88682,0x88748,0x88784,0x887D0,0x88803,0x8881A,0x8893B,0x889A8,
  0x889B4,0x88A00,0x88A22,0x88A2B,0x88A3A,0x88A40,0x88A82,0x88B9B,0x88BA0,0x88BB2,0x88BB8,0x88C03,
  0x88C1A,0x88D9B,0x88E0A,0x88E28,0x88E4B,0x88E68,0x88E73,0x88E84,0x88ED2,0x88ED8,0x88EE2,0x88EE8,
  0x89002,0x89090,0x8909A,0x89163,0x891C0,0x891F3,0x891FA,0x8920B,0x89210,0x89402,0x89438,0x89442,
  0x89448,0x89452,0x89470,0x8947A,0x894F0,0x894FA,0x89548,0x89582,0x896FB,0x89758,0x89784,0x897D0,
  0x89803,0x89820,0x8982A,0x89868,0x8987A,0x89888,0x8989A,0x89948,0x89952,0x89988,0x89992,0x899A0,
  0x899AA,0x899D0,0x899DB,0x899EA,0x899F3,0x89A28,0x89A3B,0x89A48,0x89A5B,0x89A70,0x89A82,0x89A88,
  0x89ABB,0x89AC0,0x89AEA,0x89B13,0x89B20,0x89B33,0x89B68,0x89B83,0x89BA8,0x89C02,0x89C50,0x89C5A,
  0x89C60,0x89C72,0x89C78,0x89C82,0x89DB0,0x89DBA,0x89DC3,0x89E08,0x89E13,0x89E18,0x89E2B,0x89E30,
  0x89E3B,0x89E58,0x89E63,0x89E8A,0x89E93,0x89E9A,0x89EA0,0x89F0B,0x89F18,0x8A002,0x8A1AB,0x8A23A,
  0x8A258,0x8A284,0x8A2D0,0x8A2F3,0x8A2FA,0x8A310,0x8A402,0x8A583,0x8A622,0x8A630,0x8A63A,0x8A640,
  0x8A684,0x8A6D0,0x8AC02,0x8AD7B,0x8ADB0,0x8ADC3,0x8AE08,0x8AEC2,0x8AEE3,0x8AEF0,0x8B002,0x8B183,
  0x8B208,0x8B222,0x8B228,0x8B284,0x8B2D0,0x8B402,0x8B55B,0x8B5C2,0x8B5C8,0x8B604,0x8B650,0x8B684,
  0x8B720,0x8B802,0x8B8D8,0x8B8EB,0x8B960,0x8B984,0x8B9D0,0x8BA02,0x8BA38,0x8C002,0x8C163,0x8C1D8,
  0x8C501,0x8C704,0x8C750,0x8C7FA,0x8C838,0x8C84A,0x8C850,0x8C862,0x8C8A0,0x8C8AA,0x8C8B8,0x8C8C2,
  0x8C983,0x8C9B0,0x8C9BB,0x8C9C8,0x8C9DB,0x8C9FA,0x8CA03,0x8CA0A,0x8CA13,0x8CA20,0x8CA84,0x8CAD0,
  0x8CD02,0x8CD40,0x8CD52,0x8CE8B,0x8CEC0,0x8CED3,0x8CF0A,0x8CF10,0x8CF1A,0x8CF23,0x8CF28,0x8D002,
  0x8D00B,0x8D05A,0x8D19B,0x8D1D2,0x8D1DB,0x8D1F8,0x8D23B,0x8D240,0x8D282,0x8D28B,0x8D2E2,0x8D453,
  0x8D4D0,0x8D4EA,0x8D4F0,0x8D582,0x8D7C8,0x8DE02,0x8DF08,0x8DF84,0x8DFD0,0x8E002,0x8E048,0x8E052,
  0x8E17B,0x8E1B8,0x8E1C3,0x8E202,0x8E208,0x8E284,0x8E2D0,0x8E392,0x8E480,0x8E493,0x8E540,0x8E54B,
  0x8E5B8,0x8E802,0x8E838,0x8E842,0x8E850,0x8E85A,0x8E98B,0x8E9B8,0x8E9D3,0x8E9D8,0x8E9E3,0x8E9F0,
  0x8E9FB,0x8EA32,0x8EA3B,0x8EA40,0x8EA84,0x8EAD0,0x8EB02,0x8EB30,0x8EB3A,0x8EB48,0x8EB52,0x8EC53,
  0x8EC78,0x8EC83,0x8EC90,0x8EC9B,0x8ECC2,0x8ECC8,0x8ED04,0x8ED50,0x8F702,0x8F79B,0x8F7B8,0x8F803,
  0x8F812,0x8F81B,0x8F822,0x8F888,0x8F892,0x8F9A3,0x8F9D8,0x8F9F3,0x8FA18,0x8FA84,0x8FAD3,0x8FAD8,
  0x8FD82,0x8FD88,0x90002,0x91CD0,0x92402,0x92A20,0x97C82,0x97F88,0x98002,0x9A185,0x9A203,0x9A20A,
  0x9A23B,0x9A2B0,0x9A302,0xA1FD8,0xA2002,0xA3238,0xB0802,0xB08F3,0xB0984,0xB09D0,0xB4002,0xB51C8,
  0xB5202,0xB52F8,0xB5304,0xB5350,0xB5382,0xB55F8,0xB5604,0xB5650,0xB5682,0xB5770,0xB5783,0xB57A8,
  0xB5802,0xB5983,0xB59B8,0xB5A02,0xB5A20,0xB5A84,0xB5AD0,0xB5B1A,0xB5BC0,0xB5BEA,0xB5C80,0xB6A02,
  0xB6B68,0xB6B84,0xB6BD0,0xB7201,0xB7400,0xB7802,0xB7A58,0xB7A7B,0xB7A82,0xB7A8B,0xB7C40,0xB7C7B,
  0xB7C9A,0xB7D00,0xB7F02,0xB7F10,0xB7F1A,0xB7F23,0xB7F28,0xB7F83,0xB7F90,0xB8002,0xC3FC0,0xC4002,
  0xC66B0,0xC67FA,0xC6848,0xD7F82,0xD7FA0,0xD7FAA,0xD7FE0,0xD7FEA,0xD7FF8,0xD8002,0xD8918,0xD8992,
  0xD8998,0xD8A82,0xD8A98,0xD8AAA,0xD8AB0,0xD8B22,0xD8B40,0xD8B82,0xD97E0,0xDE002,0xDE358,0xDE382,
  0xDE3E8,0xDE402,0xDE448,0xDE482,0xDE4D0,0xDE4EB,0xDE4F8,0xDE505,0xDE520,0xE6784,0xE67D0,0xE7803,
  0xE7970,0xE7983,0xE7A38,0xE8B2B,0xE8B50,0xE8B6B,0xE8B9D,0xE8BDB,0xE8C18,0xE8C2B,0xE8C60,0xE8D53,
  0xE8D70,0xE9213,0xE9228,0xEA001,0xEA2A8,0xEA2B1,0xEA4E8,0xEA4F1,0xEA500,0xEA511,0xEA518,0xEA529,
  0xEA538,0xEA549,0xEA568,0xEA571,0xEA5D0,0xEA5D9,0xEA5E0,0xEA5E9,0xEA620,0xEA629,0xEA830,0xEA839,
  0xEA858,0xEA869,0xEA8A8,0xEA8B1,0xEA8E8,0xEA8F1,0xEA9D0,0xEA9D9,0xEA9F8,0xEAA01,0xEAA28,0xEAA31,
  0xEAA38,0xEAA51,0xEAA88,0xEAA91,0xEB530,0xEB541,0xEB608,0xEB611,0xEB6D8,0xEB6E1,0xEB7D8,0xEB7E1,
  0xEB8A8,0xEB8B1,0xEB9A8,0xEB9B1,0xEBA78,0xEBA81,0xEBB78,0xEBB81,0xEBC48,0xEBC51,0xEBD48,0xEBD51,
  0xEBE18,0xEBE21,0xEBE60,0xEBE74,0xEC000,0xED003,0xED1B8,0xED1DB,0xED368,0xED3AB,0xED3B0,0xED423,
  0xED428,0xED4DB,0xED500,0xED50B,0xED580,0xEF801,0xEF852,0xEF859,0xEF8F8,0xEF929,0xEF958,0xF0003,
  0xF0038,0xF0043,0xF00C8,0xF00DB,0xF0110,0xF011B,0xF0128,0xF0133,0xF0158,0xF0182,0xF0370,0xF047B,
  0xF0480,0xF0802,0xF0968,0xF0983,0xF09BA,0xF09F0,0xF0A04,0xF0A50,0xF0A72,0xF0A78,0xF1482,0xF1573,
  0xF1578,0xF1602,0xF1763,0xF1784,0xF17D0,0xF2682,0xF2763,0xF2784,0xF27D0,0xF2E82,0xF2F73,0xF2F82,
  0xF2F8C,0xF2FD8,0xF3F02,0xF3F38,0xF3F42,0xF3F60,0xF3F6A,0xF3F78,0xF3F82,0xF3FF8,0xF4002,0xF4628,
  0xF4683,0xF46B8,0xF4801,0xF4A23,0xF4A5A,0xF4A60,0xF4A84,0xF4AD0,0xF7002,0xF7020,0xF702A,0xF7100,
  0xF710A,0xF7118,0xF7122,0xF7128,0xF713A,0xF7140,0xF714A,0xF7198,0xF71A2,0xF71C0,0xF71CA,0xF71D0,
  0xF71DA,0xF71E0,0xF7212,0xF7218,0xF723A,0xF7240,0xF724A,0xF7250,0xF725A,0xF7260,0xF726A,0xF7280,
  0xF728A,0xF7298,0xF72A2,0xF72A8,0xF72BA,0xF72C0,0xF72CA,0xF72D0,0xF72DA,0xF72E0,0xF72EA,0xF72F0,
  0xF72FA,0xF7300,0xF730A,0xF7318,0xF7322,0xF7328,0xF733A,0xF7358,0xF7362,0xF7398,0xF73A2,0xF73C0,
  0xF73CA,0xF73E8,0xF73F2,0xF73F8,0xF7402,0xF7450,0xF745A,0xF74E0,0xF750A,0xF7520,0xF752A,0xF7550,
  0xF755A,0xF75E0,0xF9FDD,0xFA000,0xFDF84,0xFDFD0,0x100002,0x153700,0x153802,0x15B9D0,0x15BA02,0x15C0F0,
  0x15C102,0x167510,0x167582,0x175F08,0x175F82,0x1772F0,0x17C002,0x17D0F0,0x180002,0x189A58,0x189A82,0x191D80,
  0x70000D,0x700010,0x700105,0x700400,0x700803,0x700F80,
};

constexpr uint32_t kUpperCp[1552] = {
  0x61,0x62,0x63,0x64,0x65,0x66,0x67,0x68,0x69,0x6A,0x6B,0x6C,
  0x6D,0x6E,0x6F,0x70,0x71,0x72,0x73,0x74,0x75,0x76,0x77,0x78,
  0x79,0x7A,0xB5,0xDF,0xE0,0xE1,0xE2,0xE3,0xE4,0xE5,0xE6,0xE7,
  0xE8,0xE9,0xEA,0xEB,0xEC,0xED,0xEE,0xEF,0xF0,0xF1,0xF2,0xF3,
  0xF4,0xF5,0xF6,0xF8,0xF9,0xFA,0xFB,0xFC,0xFD,0xFE,0xFF,0x101,
  0x103,0x105,0x107,0x109,0x10B,0x10D,0x10F,0x111,0x113,0x115,0x117,0x119,
  0x11B,0x11D,0x11F,0x121,0x123,0x125,0x127,0x129,0x12B,0x12D,0x12F,0x131,
  0x133,0x135,0x137,0x13A,0x13C,0x13E,0x140,0x142,0x144,0x146,0x148,0x149,
  0x14B,0x14D,0x14F,0x151,0x153,0x155,0x157,0x159,0x15B,0x15D,0x15F,0x161,
  0x163,0x165,0x167,0x169,0x16B,0x16D,0x16F,0x171,0x173,0x175,0x177,0x17A,
  0x17C,0x17E,0x17F,0x180,0x183,0x185,0x188,0x18C,0x192,0x195,0x199,0x19A,
  0x19B,0x19E,0x1A1,0x1A3,0x1A5,0x1A8,0x1AD,0x1B0,0x1B4,0x1B6,0x1B9,0x1BD,
  0x1BF,0x1C5,0x1C6,0x1C8,0x1C9,0x1CB,0x1CC,0x1CE,0x1D0,0x1D2,0x1D4,0x1D6,
  0x1D8,0x1DA,0x1DC,0x1DD,0x1DF,0x1E1,0x1E3,0x1E5,0x1E7,0x1E9,0x1EB,0x1ED,
  0x1EF,0x1F0,0x1F2,0x1F3,0x1F5,0x1F9,0x1FB,0x1FD,0x1FF,0x201,0x203,0x205,
  0x207,0x209,0x20B,0x20D,0x20F,0x211,0x213,0x215,0x217,0x219,0x21B,0x21D,
  0x21F,0x223,0x225,0x227,0x229,0x22B,0x22D,0x22F,0x231,0x233,0x23C,0x23F,
  0x240,0x242,0x247,0x249,0x24B,0x24D,0x24F,0x250,0x251,0x252,0x253,0x254,
  0x256,0x257,0x259,0x25B,0x25C,0x260,0x261,0x263,0x264,0x265,0x266,0x268,
  0x269,0x26A,0x26B,0x26C,0x26F,0x271,0x272,0x275,0x27D,0x280,0x282,0x283,
  0x287,0x288,0x289,0x28A,0x28B,0x28C,0x292,0x29D,0x29E,0x345,0x371,0x373,
  0x377,0x37B,0x37C,0x37D,0x390,0x3AC,0x3AD,0x3AE,0x3AF,0x3B0,0x3B1,0x3B2,
  0x3B3,0x3B4,0x3B5,0x3B6,0x3B7,0x3B8,0x3B9,0x3BA,0x3BB,0x3BC,0x3BD,0x3BE,
  0x3BF,0x3C0,0x3C1,0x3C2,0x3C3,0x3C4,0x3C5,0x3C6,0x3C7,0x3C8,0x3C9,0x3CA,
  0x3CB,0x3CC,0x3CD,0x3CE,0x3D0,0x3D1,0x3D5,0x3D6,0x3D7,0x3D9,0x3DB,0x3DD,
  0x3DF,0x3E1,0x3E3,0x3E5,0x3E7,0x3E9,0x3EB,0x3ED,0x3EF,0x3F0,0x3F1,0x3F2,
  0x3F3,0x3F5,0x3F8,0x3FB,0x430,0x431,0x432,0x433,0x434,0x435,0x436,0x437,
  0x438,0x439,0x43A,0x43B,0x43C,0x43D,0x43E,0x43F,0x440,0x441,0x442,0x443,
  0x444,0x445,0x446,0x447,0x448,0x449,0x44A,0x44B,0x44C,0x44D,0x44E,0x44F,
  0x450,0x451,0x452,0x453,0x454,0x455,0x456,0x457,0x458,0x459,0x45A,0x45B,
  0x45C,0x45D,0x45E,0x45F,0x461,0x463,0x465,0x467,0x469,0x46B,0x46D,0x46F,
  0x471,0x473,0x475,0x477,0x479,0x47B,0x47D,0x47F,0x481,0x48B,0x48D,0x48F,
  0x491,0x493,0x495,0x497,0x499,0x49B,0x49D,0x49F,0x4A1,0x4A3,0x4A5,0x4A7,
  0x4A9,0x4AB,0x4AD,0x4AF,0x4B1,0x4B3,0x4B5,0x4B7,0x4B9,0x4BB,0x4BD,0x4BF,
  0x4C2,0x4C4,0x4C6,0x4C8,0x4CA,0x4CC,0x4CE,0x4CF,0x4D1,0x4D3,0x4D5,0x4D7,
  0x4D9,0x4DB,0x4DD,0x4DF,0x4E1,0x4E3,0x4E5,0x4E7,0x4E9,0x4EB,0x4ED,0x4EF,
  0x4F1,0x4F3,0x4F5,0x4F7,0x4F9,0x4FB,0x4FD,0x4FF,0x501,0x503,0x505,0x507,
  0x509,0x50B,0x50D,0x50F,0x511,0x513,0x515,0x517,0x519,0x51B,0x51D,0x51F,
  0x521,0x523,0x525,0x527,0x529,0x52B,0x52D,0x52F,0x561,0x562,0x563,0x564,
  0x565,0x566,0x567,0x568,0x569,0x56A,0x56B,0x56C,0x56D,0x56E,0x56F,0x570,
  0x571,0x572,0x573,0x574,0x575,0x576,0x577,0x578,0x579,0x57A,0x57B,0x57C,
  0x57D,0x57E,0x57F,0x580,0x581,0x582,0x583,0x584,0x585,0x586,0x587,0x10D0,
  0x10D1,0x10D2,0x10D3,0x10D4,0x10D5,0x10D6,0x10D7,0x10D8,0x10D9,0x10DA,0x10DB,0x10DC,
  0x10DD,0x10DE,0x10DF,0x10E0,0x10E1,0x10E2,0x10E3,0x10E4,0x10E5,0x10E6,0x10E7,0x10E8,
  0x10E9,0x10EA,0x10EB,0x10EC,0x10ED,0x10EE,0x10EF,0x10F0,0x10F1,0x10F2,0x10F3,0x10F4,
  0x10F5,0x10F6,0x10F7,0x10F8,0x10F9,0x10FA,0x10FD,0x10FE,0x10FF,0x13F8,0x13F9,0x13FA,
  0x13FB,0x13FC,0x13FD,0x1C80,0x1C81,0x1C82,0x1C83,0x1C84,0x1C85,0x1C86,0x1C87,0x1C88,
  0x1C8A,0x1D79,0x1D7D,0x1D8E,0x1E01,0x1E03,0x1E05,0x1E07,0x1E09,0x1E0B,0x1E0D,0x1E0F,
  0x1E11,0x1E13,0x1E15,0x1E17,0x1E19,0x1E1B,0x1E1D,0x1E1F,0x1E21,0x1E23,0x1E25,0x1E27,
  0x1E29,0x1E2B,0x1E2D,0x1E2F,0x1E31,0x1E33,0x1E35,0x1E37,0x1E39,0x1E3B,0x1E3D,0x1E3F,
  0x1E41,0x1E43,0x1E45,0x1E47,0x1E49,0x1E4B,0x1E4D,0x1E4F,0x1E51,0x1E53,0x1E55,0x1E57,
  0x1E59,0x1E5B,0x1E5D,0x1E5F,0x1E61,0x1E63,0x1E65,0x1E67,0x1E69,0x1E6B,0x1E6D,0x1E6F,
  0x1E71,0x1E73,0x1E75,0x1E77,0x1E79,0x1E7B,0x1E7D,0x1E7F,0x1E81,0x1E83,0x1E85,0x1E87,
  0x1E89,0x1E8B,0x1E8D,0x1E8F,0x1E91,0x1E93,0x1E95,0x1E96,0x1E97,0x1E98,0x1E99,0x1E9A,
  0x1E9B,0x1EA1,0x1EA3,0x1EA5,0x1EA7,0x1EA9,0x1EAB,0x1EAD,0x1EAF,0x1EB1,0x1EB3,0x1EB5,
  0x1EB7,0x1EB9,0x1EBB,0x1EBD,0x1EBF,0x1EC1,0x1EC3,0x1EC5,0x1EC7,0x1EC9,0x1ECB,0x1ECD,
  0x1ECF,0x1ED1,0x1ED3,0x1ED5,0x1ED7,0x1ED9,0x1EDB,0x1EDD,0x1EDF,0x1EE1,0x1EE3,0x1EE5,
  0x1EE7,0x1EE9,0x1EEB,0x1EED,0x1EEF,0x1EF1,0x1EF3,0x1EF5,0x1EF7,0x1EF9,0x1EFB,0x1EFD,
  0x1EFF,0x1F00,0x1F01,0x1F02,0x1F03,0x1F04,0x1F05,0x1F06,0x1F07,0x1F10,0x1F11,0x1F12,
  0x1F13,0x1F14,0x1F15,0x1F20,0x1F21,0x1F22,0x1F23,0x1F24,0x1F25,0x1F26,0x1F27,0x1F30,
  0x1F31,0x1F32,0x1F33,0x1F34,0x1F35,0x1F36,0x1F37,0x1F40,0x1F41,0x1F42,0x1F43,0x1F44,
  0x1F45,0x1F50,0x1F51,0x1F52,0x1F53,0x1F54,0x1F55,0x1F56,0x1F57,0x1F60,0x1F61,0x1F62,
  0x1F63,0x1F64,0x1F65,0x1F66,0x1F67,0x1F70,0x1F71,0x1F72,0x1F73,0x1F74,0x1F75,0x1F76,
  0x1F77,0x1F78,0x1F79,0x1F7A,0x1F7B,0x1F7C,0x1F7D,0x1F80,0x1F81,0x1F82,0x1F83,0x1F84,
  0x1F85,0x1F86,0x1F87,0x1F88,0x1F89,0x1F8A,0x1F8B,0x1F8C,0x1F8D,0x1F8E,0x1F8F,0x1F90,
  0x1F91,0x1F92,0x1F93,0x1F94,0x1F95,0x1F96,0x1F97,0x1F98,0x1F99,0x1F9A,0x1F9B,0x1F9C,
  0x1F9D,0x1F9E,0x1F9F,0x1FA0,0x1FA1,0x1FA2,0x1FA3,0x1FA4,0x1FA5,0x1FA6,0x1FA7,0x1FA8,
  0x1FA9,0x1FAA,0x1FAB,0x1FAC,0x1FAD,0x1FAE,0x1FAF,0x1FB0,0x1FB1,0x1FB2,0x1FB3,0x1FB4,
  0x1FB6,0x1FB7,0x1FBC,0x1FBE,0x1FC2,0x1FC3,0x1FC4,0x1FC6,0x1FC7,0x1FCC,0x1FD0,0x1FD1,
  0x1FD2,0x1FD3,0x1FD6,0x1FD7,0x1FE0,0x1FE1,0x1FE2,0x1FE3,0x1FE4,0x1FE5,0x1FE6,0x1FE7,
  0x1FF2,0x1FF3,0x1FF4,0x1FF6,0x1FF7,0x1FFC,0x214E,0x2170,0x2171,0x2172,0x2173,0x2174,
  0x2175,0x2176,0x2177,0x2178,0x2179,0x217A,0x217B,0x217C,0x217D,0x217E,0x217F,0x2184,
  0x24D0,0x24D1,0x24D2,0x24D3,0x24D4,0x24D5,0x24D6,0x24D7,0x24D8,0x24D9,0x24DA,0x24DB,
  0x24DC,0x24DD,0x24DE,0x24DF,0x24E0,0x24E1,0x24E2,0x24E3,0x24E4,0x24E5,0x24E6,0x24E7,
  0x24E8,0x24E9,0x2C30,0x2C31,0x2C32,0x2C33,0x2C34,0x2C35,0x2C36,0x2C37,0x2C38,0x2C39,
  0x2C3A,0x2C3B,0x2C3C,0x2C3D,0x2C3E,0x2C3F,0x2C40,0x2C41,0x2C42,0x2C43,0x2C44,0x2C45,
  0x2C46,0x2C47,0x2C48,0x2C49,0x2C4A,0x2C4B,0x2C4C,0x2C4D,0x2C4E,0x2C4F,0x2C50,0x2C51,
  0x2C52,0x2C53,0x2C54,0x2C55,0x2C56,0x2C57,0x2C58,0x2C59,0x2C5A,0x2C5B,0x2C5C,0x2C5D,
  0x2C5E,0x2C5F,0x2C61,0x2C65,0x2C66,0x2C68,0x2C6A,0x2C6C,0x2C73,0x2C76,0x2C81,0x2C83,
  0x2C85,0x2C87,0x2C89,0x2C8B,0x2C8D,0x2C8F,0x2C91,0x2C93,0x2C95,0x2C97,0x2C99,0x2C9B,
  0x2C9D,0x2C9F,0x2CA1,0x2CA3,0x2CA5,0x2CA7,0x2CA9,0x2CAB,0x2CAD,0x2CAF,0x2CB1,0x2CB3,
  0x2CB5,0x2CB7,0x2CB9,0x2CBB,0x2CBD,0x2CBF,0x2CC1,0x2CC3,0x2CC5,0x2CC7,0x2CC9,0x2CCB,
  0x2CCD,0x2CCF,0x2CD1,0x2CD3,0x2CD5,0x2CD7,0x2CD9,0x2CDB,0x2CDD,0x2CDF,0x2CE1,0x2CE3,
  0x2CEC,0x2CEE,0x2CF3,0x2D00,0x2D01,0x2D02,0x2D03,0x2D04,0x2D05,0x2D06,0x2D07,0x2D08,
  0x2D09,0x2D0A,0x2D0B,0x2D0C,0x2D0D,0x2D0E,0x2D0F,0x2D10,0x2D11,0x2D12,0x2D13,0x2D14,
  0x2D15,0x2D16,0x2D17,0x2D18,0x2D19,0x2D1A,0x2D1B,0x2D1C,0x2D1D,0x2D1E,0x2D1F,0x2D20,
  0x2D21,0x2D22,0x2D23,0x2D24,0x2D25,0x2D27,0x2D2D,0xA641,0xA643,0xA645,0xA647,0xA649,
  0xA64B,0xA64D,0xA64F,0xA651,0xA653,0xA655,0xA657,0xA659,0xA65B,0xA65D,0xA65F,0xA661,
  0xA663,0xA665,0xA667,0xA669,0xA66B,0xA66D,0xA681,0xA683,0xA685,0xA687,0xA689,0xA68B,
  0xA68D,0xA68F,0xA691,0xA693,0xA695,0xA697,0xA699,0xA69B,0xA723,0xA725,0xA727,0xA729,
  0xA72B,0xA72D,0xA72F,0xA733,0xA735,0xA737,0xA739,0xA73B,0xA73D,0xA73F,0xA741,0xA743,
  0xA745,0xA747,0xA749,0xA74B,0xA74D,0xA74F,0xA751,0xA753,0xA755,0xA757,0xA759,0xA75B,
  0xA75D,0xA75F,0xA761,0xA763,0xA765,0xA767,0xA769,0xA76B,0xA76D,0xA76F,0xA77A,0xA77C,
  0xA77F,0xA781,0xA783,0xA785,0xA787,0xA78C,0xA791,0xA793,0xA794,0xA797,0xA799,0xA79B,
  0xA79D,0xA79F,0xA7A1,0xA7A3,0xA7A5,0xA7A7,0xA7A9,0xA7B5,0xA7B7,0xA7B9,0xA7BB,0xA7BD,
  0xA7BF,0xA7C1,0xA7C3,0xA7C8,0xA7CA,0xA7CD,0xA7D1,0xA7D7,0xA7D9,0xA7DB,0xA7F6,0xAB53,
  0xAB70,0xAB71,0xAB72,0xAB73,0xAB74,0xAB75,0xAB76,0xAB77,0xAB78,0xAB79,0xAB7A,0xAB7B,
  0xAB7C,0xAB7D,0xAB7E,0xAB7F,0xAB80,0xAB81,0xAB82,0xAB83,0xAB84,0xAB85,0xAB86,0xAB87,
  0xAB88,0xAB89,0xAB8A,0xAB8B,0xAB8C,0xAB8D,0xAB8E,0xAB8F,0xAB90,0xAB91,0xAB92,0xAB93,
  0xAB94,0xAB95,0xAB96,0xAB97,0xAB98,0xAB99,0xAB9A,0xAB9B,0xAB9C,0xAB9D,0xAB9E,0xAB9F,
  0xABA0,0xABA1,0xABA2,0xABA3,0xABA4,0xABA5,0xABA6,0xABA7,0xABA8,0xABA9,0xABAA,0xABAB,
  0xABAC,0xABAD,0xABAE,0xABAF,0xABB0,0xABB1,0xABB2,0xABB3,0xABB4,0xABB5,0xABB6,0xABB7,
  0xABB8,0xABB9,0xABBA,0xABBB,0xABBC,0xABBD,0xABBE,0xABBF,0xFB00,0xFB01,0xFB02,0xFB03,
  0xFB04,0xFB05,0xFB06,0xFB13,0xFB14,0xFB15,0xFB16,0xFB17,0xFF41,0xFF42,0xFF43,0xFF44,
  0xFF45,0xFF46,0xFF47,0xFF48,0xFF49,0xFF4A,0xFF4B,0xFF4C,0xFF4D,0xFF4E,0xFF4F,0xFF50,
  0xFF51,0xFF52,0xFF53,0xFF54,0xFF55,0xFF56,0xFF57,0xFF58,0xFF59,0xFF5A,0x10428,0x10429,
  0x1042A,0x1042B,0x1042C,0x1042D,0x1042E,0x1042F,0x10430,0x10431,0x10432,0x10433,0x10434,0x10435,
  0x10436,0x10437,0x10438,0x10439,0x1043A,0x1043B,0x1043C,0x1043D,0x1043E,0x1043F,0x10440,0x10441,
  0x10442,0x10443,0x10444,0x10445,0x10446,0x10447,0x10448,0x10449,0x1044A,0x1044B,0x1044C,0x1044D,
  0x1044E,0x1044F,0x104D8,0x104D9,0x104DA,0x104DB,0x104DC,0x104DD,0x104DE,0x104DF,0x104E0,0x104E1,
  0x104E2,0x104E3,0x104E4,0x104E5,0x104E6,0x104E7,0x104E8,0x104E9,0x104EA,0x104EB,0x104EC,0x104ED,
  0x104EE,0x104EF,0x104F0,0x104F1,0x104F2,0x104F3,0x104F4,0x104F5,0x104F6,0x104F7,0x104F8,0x104F9,
  0x104FA,0x104FB,0x10597,0x10598,0x10599,0x1059A,0x1059B,0x1059C,0x1059D,0x1059E,0x1059F,0x105A0,
  0x105A1,0x105A3,0x105A4,0x105A5,0x105A6,0x105A7,0x105A8,0x105A9,0x105AA,0x105AB,0x105AC,0x105AD,
  0x105AE,0x105AF,0x105B0,0x105B1,0x105B3,0x105B4,0x105B5,0x105B6,0x105B7,0x105B8,0x105B9,0x105BB,
  0x105BC,0x10CC0,0x10CC1,0x10CC2,0x10CC3,0x10CC4,0x10CC5,0x10CC6,0x10CC7,0x10CC8,0x10CC9,0x10CCA,
  0x10CCB,0x10CCC,0x10CCD,0x10CCE,0x10CCF,0x10CD0,0x10CD1,0x10CD2,0x10CD3,0x10CD4,0x10CD5,0x10CD6,
  0x10CD7,0x10CD8,0x10CD9,0x10CDA,0x10CDB,0x10CDC,0x10CDD,0x10CDE,0x10CDF,0x10CE0,0x10CE1,0x10CE2,
  0x10CE3,0x10CE4,0x10CE5,0x10CE6,0x10CE7,0x10CE8,0x10CE9,0x10CEA,0x10CEB,0x10CEC,0x10CED,0x10CEE,
  0x10CEF,0x10CF0,0x10CF1,0x10CF2,0x10D70,0x10D71,0x10D72,0x10D73,0x10D74,0x10D75,0x10D76,0x10D77,
  0x10D78,0x10D79,0x10D7A,0x10D7B,0x10D7C,0x10D7D,0x10D7E,0x10D7F,0x10D80,0x10D81,0x10D82,0x10D83,
  0x10D84,0x10D85,0x118C0,0x118C1,0x118C2,0x118C3,0x118C4,0x118C5,0x118C6,0x118C7,0x118C8,0x118C9,
  0x118CA,0x118CB,0x118CC,0x118CD,0x118CE,0x118CF,0x118D0,0x118D1,0x118D2,0x118D3,0x118D4,0x118D5,
  0x118D6,0x118D7,0x118D8,0x118D9,0x118DA,0x118DB,0x118DC,0x118DD,0x118DE,0x118DF,0x16E60,0x16E61,
  0x16E62,0x16E63,0x16E64,0x16E65,0x16E66,0x16E67,0x16E68,0x16E69,0x16E6A,0x16E6B,0x16E6C,0x16E6D,
  0x16E6E,0x16E6F,0x16E70,0x16E71,0x16E72,0x16E73,0x16E74,0x16E75,0x16E76,0x16E77,0x16E78,0x16E79,
  0x16E7A,0x16E7B,0x16E7C,0x16E7D,0x16E7E,0x16E7F,0x1E922,0x1E923,0x1E924,0x1E925,0x1E926,0x1E927,
  0x1E928,0x1E929,0x1E92A,0x1E92B,0x1E92C,0x1E92D,0x1E92E,0x1E92F,0x1E930,0x1E931,0x1E932,0x1E933,
  0x1E934,0x1E935,0x1E936,0x1E937,0x1E938,0x1E939,0x1E93A,0x1E93B,0x1E93C,0x1E93D,0x1E93E,0x1E93F,
  0x1E940,0x1E941,0x1E942,0x1E943,
};

constexpr uint32_t kUpperOff[1552] = {
  0x1,0x9,0x11,0x19,0x21,0x29,0x31,0x39,0x41,0x49,0x51,0x59,
  0x61,0x69,0x71,0x79,0x81,0x89,0x91,0x99,0xA1,0xA9,0xB1,0xB9,
  0xC1,0xC9,0xD1,0xDA,0xE9,0xF1,0xF9,0x101,0x109,0x111,0x119,0x121,
  0x129,0x131,0x139,0x141,0x149,0x151,0x159,0x161,0x169,0x171,0x179,0x181,
  0x189,0x191,0x199,0x1A1,0x1A9,0x1B1,0x1B9,0x1C1,0x1C9,0x1D1,0x1D9,0x1E1,
  0x1E9,0x1F1,0x1F9,0x201,0x209,0x211,0x219,0x221,0x229,0x231,0x239,0x241,
  0x249,0x251,0x259,0x261,0x269,0x271,0x279,0x281,0x289,0x291,0x299,0x2A1,
  0x2A9,0x2B1,0x2B9,0x2C1,0x2C9,0x2D1,0x2D9,0x2E1,0x2E9,0x2F1,0x2F9,0x302,
  0x311,0x319,0x321,0x329,0x331,0x339,0x341,0x349,0x351,0x359,0x361,0x369,
  0x371,0x379,0x381,0x389,0x391,0x399,0x3A1,0x3A9,0x3B1,0x3B9,0x3C1,0x3C9,
  0x3D1,0x3D9,0x3E1,0x3E9,0x3F1,0x3F9,0x401,0x409,0x411,0x419,0x421,0x429,
  0x431,0x439,0x441,0x449,0x451,0x459,0x461,0x469,0x471,0x479,0x481,0x489,
  0x491,0x499,0x4A1,0x4A9,0x4B1,0x4B9,0x4C1,0x4C9,0x4D1,0x4D9,0x4E1,0x4E9,
  0x4F1,0x4F9,0x501,0x509,0x511,0x519,0x521,0x529,0x531,0x539,0x541,0x549,
  0x551,0x55A,0x569,0x571,0x579,0x581,0x589,0x591,0x599,0x5A1,0x5A9,0x5B1,
  0x5B9,0x5C1,0x5C9,0x5D1,0x5D9,0x5E1,0x5E9,0x5F1,0x5F9,0x601,0x609,0x611,
  0x619,0x621,0x629,0x631,0x639,0x641,0x649,0x651,0x659,0x661,0x669,0x671,
  0x679,0x681,0x689,0x691,0x699,0x6A1,0x6A9,0x6B1,0x6B9,0x6C1,0x6C9,0x6D1,
  0x6D9,0x6E1,0x6E9,0x6F1,0x6F9,0x701,0x709,0x711,0x719,0x721,0x729,0x731,
  0x739,0x741,0x749,0x751,0x759,0x761,0x769,0x771,0x779,0x781,0x789,0x791,
  0x799,0x7A1,0x7A9,0x7B1,0x7B9,0x7C1,0x7C9,0x7D1,0x7D9,0x7E1,0x7E9,0x7F1,
  0x7F9,0x801,0x809,0x811,0x81B,0x831,0x839,0x841,0x849,0x853,0x869,0x871,
  0x879,0x881,0x889,0x891,0x899,0x8A1,0x8A9,0x8B1,0x8B9,0x8C1,0x8C9,0x8D1,
  0x8D9,0x8E1,0x8E9,0x8F1,0x8F9,0x901,0x909,0x911,0x919,0x921,0x929,0x931,
  0x939,0x941,0x949,0x951,0x959,0x961,0x969,0x971,0x979,0x981,0x989,0x991,
  0x999,0x9A1,0x9A9,0x9B1,0x9B9,0x9C1,0x9C9,0x9D1,0x9D9,0x9E1,0x9E9,0x9F1,
  0x9F9,0xA01,0xA09,0xA11,0xA19,0xA21,0xA29,0xA31,0xA39,0xA41,0xA49,0xA51,
  0xA59,0xA61,0xA69,0xA71,0xA79,0xA81,0xA89,0xA91,0xA99,0xAA1,0xAA9,0xAB1,
  0xAB9,0xAC1,0xAC9,0xAD1,0xAD9,0xAE1,0xAE9,0xAF1,0xAF9,0xB01,0xB09,0xB11,
  0xB19,0xB21,0xB29,0xB31,0xB39,0xB41,0xB49,0xB51,0xB59,0xB61,0xB69,0xB71,
  0xB79,0xB81,0xB89,0xB91,0xB99,0xBA1,0xBA9,0xBB1,0xBB9,0xBC1,0xBC9,0xBD1,
  0xBD9,0xBE1,0xBE9,0xBF1,0xBF9,0xC01,0xC09,0xC11,0xC19,0xC21,0xC29,0xC31,
  0xC39,0xC41,0xC49,0xC51,0xC59,0xC61,0xC69,0xC71,0xC79,0xC81,0xC89,0xC91,
  0xC99,0xCA1,0xCA9,0xCB1,0xCB9,0xCC1,0xCC9,0xCD1,0xCD9,0xCE1,0xCE9,0xCF1,
  0xCF9,0xD01,0xD09,0xD11,0xD19,0xD21,0xD29,0xD31,0xD39,0xD41,0xD49,0xD51,
  0xD59,0xD61,0xD69,0xD71,0xD79,0xD81,0xD89,0xD91,0xD99,0xDA1,0xDA9,0xDB1,
  0xDB9,0xDC1,0xDC9,0xDD1,0xDD9,0xDE1,0xDE9,0xDF1,0xDF9,0xE01,0xE09,0xE11,
  0xE19,0xE21,0xE29,0xE31,0xE39,0xE41,0xE49,0xE51,0xE59,0xE61,0xE69,0xE71,
  0xE79,0xE81,0xE89,0xE91,0xE99,0xEA1,0xEA9,0xEB1,0xEB9,0xEC1,0xEC9,0xED1,
  0xED9,0xEE1,0xEE9,0xEF1,0xEF9,0xF01,0xF09,0xF11,0xF19,0xF21,0xF29,0xF31,
  0xF39,0xF41,0xF49,0xF51,0xF59,0xF61,0xF69,0xF71,0xF79,0xF81,0xF89,0xF91,
  0xF99,0xFA1,0xFA9,0xFB1,0xFB9,0xFC1,0xFC9,0xFD1,0xFD9,0xFE1,0xFEA,0xFF9,
  0x1001,0x1009,0x1011,0x1019,0x1021,0x1029,0x1031,0x1039,0x1041,0x1049,0x1051,0x1059,
  0x1061,0x1069,0x1071,0x1079,0x1081,0x1089,0x1091,0x1099,0x10A1,0x10A9,0x10B1,0x10B9,
  0x10C1,0x10C9,0x10D1,0x10D9,0x10E1,0x10E9,0x10F1,0x10F9,0x1101,0x1109,0x1111,0x1119,
  0x1121,0x1129,0x1131,0x1139,0x1141,0x1149,0x1151,0x1159,0x1161,0x1169,0x1171,0x1179,
  0x1181,0x1189,0x1191,0x1199,0x11A1,0x11A9,0x11B1,0x11B9,0x11C1,0x11C9,0x11D1,0x11D9,
  0x11E1,0x11E9,0x11F1,0x11F9,0x1201,0x1209,0x1211,0x1219,0x1221,0x1229,0x1231,0x1239,
  0x1241,0x1249,0x1251,0x1259,0x1261,0x1269,0x1271,0x1279,0x1281,0x1289,0x1291,0x1299,
  0x12A1,0x12A9,0x12B1,0x12B9,0x12C1,0x12C9,0x12D1,0x12D9,0x12E1,0x12E9,0x12F1,0x12F9,
  0x1301,0x1309,0x1311,0x1319,0x1321,0x1329,0x1331,0x1339,0x1341,0x1349,0x1351,0x1359,
  0x1361,0x1369,0x1371,0x1379,0x1381,0x1389,0x1391,0x1399,0x13A1,0x13A9,0x13B1,0x13B9,
  0x13C1,0x13C9,0x13D1,0x13D9,0x13E1,0x13E9,0x13F1,0x13F9,0x1401,0x1409,0x1411,0x1419,
  0x1421,0x1429,0x1431,0x1439,0x1441,0x1449,0x1451,0x145A,0x146A,0x147A,0x148A,0x149A,
  0x14A9,0x14B1,0x14B9,0x14C1,0x14C9,0x14D1,0x14D9,0x14E1,0x14E9,0x14F1,0x14F9,0x1501,
  0x1509,0x1511,0x1519,0x1521,0x1529,0x1531,0x1539,0x1541,0x1549,0x1551,0x1559,0x1561,
  0x1569,0x1571,0x1579,0x1581,0x1589,0x1591,0x1599,0x15A1,0x15A9,0x15B1,0x15B9,0x15C1,
  0x15C9,0x15D1,0x15D9,0x15E1,0x15E9,0x15F1,0x15F9,0x1601,0x1609,0x1611,0x1619,0x1621,
  0x1629,0x1631,0x1639,0x1641,0x1649,0x1651,0x1659,0x1661,0x1669,0x1671,0x1679,0x1681,
  0x1689,0x1691,0x1699,0x16A1,0x16A9,0x16B1,0x16B9,0x16C1,0x16C9,0x16D1,0x16D9,0x16E1,
  0x16E9,0x16F1,0x16F9,0x1701,0x1709,0x1711,0x1719,0x1721,0x1729,0x1731,0x1739,0x1741,
  0x1749,0x1752,0x1761,0x176B,0x1781,0x178B,0x17A1,0x17AB,0x17C1,0x17C9,0x17D1,0x17D9,
  0x17E1,0x17E9,0x17F1,0x17F9,0x1801,0x1809,0x1811,0x1819,0x1821,0x1829,0x1831,0x1839,
  0x1841,0x1849,0x1851,0x1859,0x1861,0x1869,0x1871,0x187A,0x188A,0x189A,0x18AA,0x18BA,
  0x18CA,0x18DA,0x18EA,0x18FA,0x190A,0x191A,0x192A,0x193A,0x194A,0x195A,0x196A,0x197A,
  0x198A,0x199A,0x19AA,0x19BA,0x19CA,0x19DA,0x19EA,0x19FA,0x1A0A,0x1A1A,0x1A2A,0x1A3A,
  0x1A4A,0x1A5A,0x1A6A,0x1A7A,0x1A8A,0x1A9A,0x1AAA,0x1ABA,0x1ACA,0x1ADA,0x1AEA,0x1AFA,
  0x1B0A,0x1B1A,0x1B2A,0x1B3A,0x1B4A,0x1B5A,0x1B6A,0x1B79,0x1B81,0x1B8A,0x1B9A,0x1BAA,
  0x1BBA,0x1BCB,0x1BE2,0x1BF1,0x1BFA,0x1C0A,0x1C1A,0x1C2A,0x1C3B,0x1C52,0x1C61,0x1C69,
  0x1C73,0x1C8B,0x1CA2,0x1CB3,0x1CC9,0x1CD1,0x1CDB,0x1CF3,0x1D0A,0x1D19,0x1D22,0x1D33,
  0x1D4A,0x1D5A,0x1D6A,0x1D7A,0x1D8B,0x1DA2,0x1DB1,0x1DB9,0x1DC1,0x1DC9,0x1DD1,0x1DD9,
  0x1DE1,0x1DE9,0x1DF1,0x1DF9,0x1E01,0x1E09,0x1E11,0x1E19,0x1E21,0x1E29,0x1E31,0x1E39,
  0x1E41,0x1E49,0x1E51,0x1E59,0x1E61,0x1E69,0x1E71,0x1E79,0x1E81,0x1E89,0x1E91,0x1E99,
  0x1EA1,0x1EA9,0x1EB1,0x1EB9,0x1EC1,0x1EC9,0x1ED1,0x1ED9,0x1EE1,0x1EE9,0x1EF1,0x1EF9,
  0x1F01,0x1F09,0x1F11,0x1F19,0x1F21,0x1F29,0x1F31,0x1F39,0x1F41,0x1F49,0x1F51,0x1F59,
  0x1F61,0x1F69,0x1F71,0x1F79,0x1F81,0x1F89,0x1F91,0x1F99,0x1FA1,0x1FA9,0x1FB1,0x1FB9,
  0x1FC1,0x1FC9,0x1FD1,0x1FD9,0x1FE1,0x1FE9,0x1FF1,0x1FF9,0x2001,0x2009,0x2011,0x2019,
  0x2021,0x2029,0x2031,0x2039,0x2041,0x2049,0x2051,0x2059,0x2061,0x2069,0x2071,0x2079,
  0x2081,0x2089,0x2091,0x2099,0x20A1,0x20A9,0x20B1,0x20B9,0x20C1,0x20C9,0x20D1,0x20D9,
  0x20E1,0x20E9,0x20F1,0x20F9,0x2101,0x2109,0x2111,0x2119,0x2121,0x2129,0x2131,0x2139,
  0x2141,0x2149,0x2151,0x2159,0x2161,0x2169,0x2171,0x2179,0x2181,0x2189,0x2191,0x2199,
  0x21A1,0x21A9,0x21B1,0x21B9,0x21C1,0x21C9,0x21D1,0x21D9,0x21E1,0x21E9,0x21F1,0x21F9,
  0x2201,0x2209,0x2211,0x2219,0x2221,0x2229,0x2231,0x2239,0x2241,0x2249,0x2251,0x2259,
  0x2261,0x2269,0x2271,0x2279,0x2281,0x2289,0x2291,0x2299,0x22A1,0x22A9,0x22B1,0x22B9,
  0x22C1,0x22C9,0x22D1,0x22D9,0x22E1,0x22E9,0x22F1,0x22F9,0x2301,0x2309,0x2311,0x2319,
  0x2321,0x2329,0x2331,0x2339,0x2341,0x2349,0x2351,0x2359,0x2361,0x2369,0x2371,0x2379,
  0x2381,0x2389,0x2391,0x2399,0x23A1,0x23A9,0x23B1,0x23B9,0x23C1,0x23C9,0x23D1,0x23D9,
  0x23E1,0x23E9,0x23F1,0x23F9,0x2401,0x2409,0x2411,0x2419,0x2421,0x2429,0x2431,0x2439,
  0x2441,0x2449,0x2451,0x2459,0x2461,0x2469,0x2471,0x2479,0x2481,0x2489,0x2491,0x2499,
  0x24A1,0x24A9,0x24B1,0x24B9,0x24C1,0x24C9,0x24D1,0x24D9,0x24E1,0x24E9,0x24F1,0x24F9,
  0x2501,0x2509,0x2511,0x2519,0x2521,0x2529,0x2531,0x2539,0x2541,0x2549,0x2551,0x2559,
  0x2561,0x2569,0x2571,0x2579,0x2581,0x2589,0x2591,0x2599,0x25A1,0x25A9,0x25B1,0x25B9,
  0x25C1,0x25C9,0x25D1,0x25D9,0x25E1,0x25E9,0x25F1,0x25F9,0x2601,0x2609,0x2611,0x2619,
  0x2621,0x2629,0x2631,0x2639,0x2641,0x2649,0x2651,0x2659,0x2661,0x2669,0x2671,0x2679,
  0x2681,0x2689,0x2691,0x2699,0x26A1,0x26A9,0x26B1,0x26B9,0x26C1,0x26C9,0x26D1,0x26D9,
  0x26E1,0x26E9,0x26F1,0x26F9,0x2701,0x2709,0x2711,0x2719,0x2721,0x2729,0x2731,0x2739,
  0x2741,0x2749,0x2751,0x2759,0x2761,0x2769,0x2771,0x2779,0x2781,0x2789,0x2791,0x2799,
  0x27A1,0x27A9,0x27B1,0x27B9,0x27C1,0x27C9,0x27D1,0x27D9,0x27E1,0x27E9,0x27F1,0x27F9,
  0x2801,0x2809,0x2811,0x2819,0x2821,0x2829,0x2831,0x2839,0x2841,0x2849,0x2851,0x2859,
  0x2861,0x2869,0x2871,0x2879,0x2881,0x2889,0x2891,0x2899,0x28A1,0x28A9,0x28B1,0x28B9,
  0x28C1,0x28C9,0x28D1,0x28D9,0x28E1,0x28E9,0x28F1,0x28F9,0x2901,0x2909,0x2911,0x2919,
  0x2921,0x2929,0x2931,0x2939,0x2941,0x2949,0x2951,0x2959,0x2961,0x2969,0x2971,0x2979,
  0x2981,0x2989,0x2991,0x2999,0x29A1,0x29A9,0x29B1,0x29B9,0x29C2,0x29D2,0x29E2,0x29F3,
  0x2A0B,0x2A22,0x2A32,0x2A42,0x2A52,0x2A62,0x2A72,0x2A82,0x2A91,0x2A99,0x2AA1,0x2AA9,
  0x2AB1,0x2AB9,0x2AC1,0x2AC9,0x2AD1,0x2AD9,0x2AE1,0x2AE9,0x2AF1,0x2AF9,0x2B01,0x2B09,
  0x2B11,0x2B19,0x2B21,0x2B29,0x2B31,0x2B39,0x2B41,0x2B49,0x2B51,0x2B59,0x2B61,0x2B69,
  0x2B71,0x2B79,0x2B81,0x2B89,0x2B91,0x2B99,0x2BA1,0x2BA9,0x2BB1,0x2BB9,0x2BC1,0x2BC9,
  0x2BD1,0x2BD9,0x2BE1,0x2BE9,0x2BF1,0x2BF9,0x2C01,0x2C09,0x2C11,0x2C19,0x2C21,0x2C29,
  0x2C31,0x2C39,0x2C41,0x2C49,0x2C51,0x2C59,0x2C61,0x2C69,0x2C71,0x2C79,0x2C81,0x2C89,
  0x2C91,0x2C99,0x2CA1,0x2CA9,0x2CB1,0x2CB9,0x2CC1,0x2CC9,0x2CD1,0x2CD9,0x2CE1,0x2CE9,
  0x2CF1,0x2CF9,0x2D01,0x2D09,0x2D11,0x2D19,0x2D21,0x2D29,0x2D31,0x2D39,0x2D41,0x2D49,
  0x2D51,0x2D59,0x2D61,0x2D69,0x2D71,0x2D79,0x2D81,0x2D89,0x2D91,0x2D99,0x2DA1,0x2DA9,
  0x2DB1,0x2DB9,0x2DC1,0x2DC9,0x2DD1,0x2DD9,0x2DE1,0x2DE9,0x2DF1,0x2DF9,0x2E01,0x2E09,
  0x2E11,0x2E19,0x2E21,0x2E29,0x2E31,0x2E39,0x2E41,0x2E49,0x2E51,0x2E59,0x2E61,0x2E69,
  0x2E71,0x2E79,0x2E81,0x2E89,0x2E91,0x2E99,0x2EA1,0x2EA9,0x2EB1,0x2EB9,0x2EC1,0x2EC9,
  0x2ED1,0x2ED9,0x2EE1,0x2EE9,0x2EF1,0x2EF9,0x2F01,0x2F09,0x2F11,0x2F19,0x2F21,0x2F29,
  0x2F31,0x2F39,0x2F41,0x2F49,0x2F51,0x2F59,0x2F61,0x2F69,0x2F71,0x2F79,0x2F81,0x2F89,
  0x2F91,0x2F99,0x2FA1,0x2FA9,0x2FB1,0x2FB9,0x2FC1,0x2FC9,0x2FD1,0x2FD9,0x2FE1,0x2FE9,
  0x2FF1,0x2FF9,0x3001,0x3009,0x3011,0x3019,0x3021,0x3029,0x3031,0x3039,0x3041,0x3049,
  0x3051,0x3059,0x3061,0x3069,0x3071,0x3079,0x3081,0x3089,0x3091,0x3099,0x30A1,0x30A9,
  0x30B1,0x30B9,0x30C1,0x30C9,0x30D1,0x30D9,0x30E1,0x30E9,0x30F1,0x30F9,0x3101,0x3109,
  0x3111,0x3119,0x3121,0x3129,0x3131,0x3139,0x3141,0x3149,0x3151,0x3159,0x3161,0x3169,
  0x3171,0x3179,0x3181,0x3189,0x3191,0x3199,0x31A1,0x31A9,0x31B1,0x31B9,0x31C1,0x31C9,
  0x31D1,0x31D9,0x31E1,0x31E9,0x31F1,0x31F9,0x3201,0x3209,0x3211,0x3219,0x3221,0x3229,
  0x3231,0x3239,0x3241,0x3249,0x3251,0x3259,0x3261,0x3269,0x3271,0x3279,0x3281,0x3289,
  0x3291,0x3299,0x32A1,0x32A9,0x32B1,0x32B9,0x32C1,0x32C9,0x32D1,0x32D9,0x32E1,0x32E9,
  0x32F1,0x32F9,0x3301,0x3309,0x3311,0x3319,0x3321,0x3329,0x3331,0x3339,0x3341,0x3349,
  0x3351,0x3359,0x3361,0x3369,0x3371,0x3379,0x3381,0x3389,0x3391,0x3399,0x33A1,0x33A9,
  0x33B1,0x33B9,0x33C1,0x33C9,0x33D1,0x33D9,0x33E1,0x33E9,0x33F1,0x33F9,0x3401,0x3409,
  0x3411,0x3419,0x3421,0x3429,
};

constexpr uint32_t kUpperPool[1670] = {
  0x41,0x42,0x43,0x44,0x45,0x46,0x47,0x48,0x49,0x4A,0x4B,0x4C,
  0x4D,0x4E,0x4F,0x50,0x51,0x52,0x53,0x54,0x55,0x56,0x57,0x58,
  0x59,0x5A,0x39C,0x53,0x53,0xC0,0xC1,0xC2,0xC3,0xC4,0xC5,0xC6,
  0xC7,0xC8,0xC9,0xCA,0xCB,0xCC,0xCD,0xCE,0xCF,0xD0,0xD1,0xD2,
  0xD3,0xD4,0xD5,0xD6,0xD8,0xD9,0xDA,0xDB,0xDC,0xDD,0xDE,0x178,
  0x100,0x102,0x104,0x106,0x108,0x10A,0x10C,0x10E,0x110,0x112,0x114,0x116,
  0x118,0x11A,0x11C,0x11E,0x120,0x122,0x124,0x126,0x128,0x12A,0x12C,0x12E,
  0x49,0x132,0x134,0x136,0x139,0x13B,0x13D,0x13F,0x141,0x143,0x145,0x147,
  0x2BC,0x4E,0x14A,0x14C,0x14E,0x150,0x152,0x154,0x156,0x158,0x15A,0x15C,
  0x15E,0x160,0x162,0x164,0x166,0x168,0x16A,0x16C,0x16E,0x170,0x172,0x174,
  0x176,0x179,0x17B,0x17D,0x53,0x243,0x182,0x184,0x187,0x18B,0x191,0x1F6,
  0x198,0x23D,0xA7DC,0x220,0x1A0,0x1A2,0x1A4,0x1A7,0x1AC,0x1AF,0x1B3,0x1B5,
  0x1B8,0x1BC,0x1F7,0x1C4,0x1C4,0x1C7,0x1C7,0x1CA,0x1CA,0x1CD,0x1CF,0x1D1,
  0x1D3,0x1D5,0x1D7,0x1D9,0x1DB,0x18E,0x1DE,0x1E0,0x1E2,0x1E4,0x1E6,0x1E8,
  0x1EA,0x1EC,0x1EE,0x4A,0x30C,0x1F1,0x1F1,0x1F4,0x1F8,0x1FA,0x1FC,0x1FE,
  0x200,0x202,0x204,0x206,0x208,0x20A,0x20C,0x20E,0x210,0x212,0x214,0x216,
  0x218,0x21A,0x21C,0x21E,0x222,0x224,0x226,0x228,0x22A,0x22C,0x22E,0x230,
  0x232,0x23B,0x2C7E,0x2C7F,0x241,0x246,0x248,0x24A,0x24C,0x24E,0x2C6F,0x2C6D,
  0x2C70,0x181,0x186,0x189,0x18A,0x18F,0x190,0xA7AB,0x193,0xA7AC,0x194,0xA7CB,
  0xA78D,0xA7AA,0x197,0x196,0xA7AE,0x2C62,0xA7AD,0x19C,0x2C6E,0x19D,0x19F,0x2C64,
  0x1A6,0xA7C5,0x1A9,0xA7B1,0x1AE,0x244,0x1B1,0x1B2,0x245,0x1B7,0xA7B2,0xA7B0,
  0x399,0x370,0x372,0x376,0x3FD,0x3FE,0x3FF,0x399,0x308,0x301,0x386,0x388,
  0x389,0x38A,0x3A5,0x308,0x301,0x391,0x392,0x393,0x394,0x395,0x396,0x397,
  0x398,0x399,0x39A,0x39B,0x39C,0x39D,0x39E,0x39F,0x3A0,0x3A1,0x3A3,0x3A3,
  0x3A4,0x3A5,0x3A6,0x3A7,0x3A8,0x3A9,0x3AA,0x3AB,0x38C,0x38E,0x38F,0x392,
  0x398,0x3A6,0x3A0,0x3CF,0x3D8,0x3DA,0x3DC,0x3DE,0x3E0,0x3E2,0x3E4,0x3E6,
  0x3E8,0x3EA,0x3EC,0x3EE,0x39A,0x3A1,0x3F9,0x37F,0x395,0x3F7,0x3FA,0x410,
  0x411,0x412,0x413,0x414,0x415,0x416,0x417,0x418,0x419,0x41A,0x41B,0x41C,
  0x41D,0x41E,0x41F,0x420,0x421,0x422,0x423,0x424,0x425,0x426,0x427,0x428,
  0x429,0x42A,0x42B,0x42C,0x42D,0x42E,0x42F,0x400,0x401,0x402,0x403,0x404,
  0x405,0x406,0x407,0x408,0x409,0x40A,0x40B,0x40C,0x40D,0x40E,0x40F,0x460,
  0x462,0x464,0x466,0x468,0x46A,0x46C,0x46E,0x470,0x472,0x474,0x476,0x478,
  0x47A,0x47C,0x47E,0x480,0x48A,0x48C,0x48E,0x490,0x492,0x494,0x496,0x498,
  0x49A,0x49C,0x49E,0x4A0,0x4A2,0x4A4,0x4A6,0x4A8,0x4AA,0x4AC,0x4AE,0x4B0,
  0x4B2,0x4B4,0x4B6,0x4B8,0x4BA,0x4BC,0x4BE,0x4C1,0x4C3,0x4C5,0x4C7,0x4C9,
  0x4CB,0x4CD,0x4C0,0x4D0,0x4D2,0x4D4,0x4D6,0x4D8,0x4DA,0x4DC,0x4DE,0x4E0,
  0x4E2,0x4E4,0x4E6,0x4E8,0x4EA,0x4EC,0x4EE,0x4F0,0x4F2,0x4F4,0x4F6,0x4F8,
  0x4FA,0x4FC,0x4FE,0x500,0x502,0x504,0x506,0x508,0x50A,0x50C,0x50E,0x510,
  0x512,0x514,0x516,0x518,0x51A,0x51C,0x51E,0x520,0x522,0x524,0x526,0x528,
  0x52A,0x52C,0x52E,0x531,0x532,0x533,0x534,0x535,0x536,0x537,0x538,0x539,
  0x53A,0x53B,0x53C,0x53D,0x53E,0x53F,0x540,0x541,0x542,0x543,0x544,0x545,
  0x546,0x547,0x548,0x549,0x54A,0x54B,0x54C,0x54D,0x54E,0x54F,0x550,0x551,
  0x552,0x553,0x554,0x555,0x556,0x535,0x552,0x1C90,0x1C91,0x1C92,0x1C93,0x1C94,
  0x1C95,0x1C96,0x1C97,0x1C98,0x1C99,0x1C9A,0x1C9B,0x1C9C,0x1C9D,0x1C9E,0x1C9F,0x1CA0,
  0x1CA1,0x1CA2,0x1CA3,0x1CA4,0x1CA5,0x1CA6,0x1CA7,0x1CA8,0x1CA9,0x1CAA,0x1CAB,0x1CAC,
  0x1CAD,0x1CAE,0x1CAF,0x1CB0,0x1CB1,0x1CB2,0x1CB3,0x1CB4,0x1CB5,0x1CB6,0x1CB7,0x1CB8,
  0x1CB9,0x1CBA,0x1CBD,0x1CBE,0x1CBF,0x13F0,0x13F1,0x13F2,0x13F3,0x13F4,0x13F5,0x412,
  0x414,0x41E,0x421,0x422,0x422,0x42A,0x462,0xA64A,0x1C89,0xA77D,0x2C63,0xA7C6,
  0x1E00,0x1E02,0x1E04,0x1E06,0x1E08,0x1E0A,0x1E0C,0x1E0E,0x1E10,0x1E12,0x1E14,0x1E16,
  0x1E18,0x1E1A,0x1E1C,0x1E1E,0x1E20,0x1E22,0x1E24,0x1E26,0x1E28,0x1E2A,0x1E2C,0x1E2E,
  0x1E30,0x1E32,0x1E34,0x1E36,0x1E38,0x1E3A,0x1E3C,0x1E3E,0x1E40,0x1E42,0x1E44,0x1E46,
  0x1E48,0x1E4A,0x1E4C,0x1E4E,0x1E50,0x1E52,0x1E54,0x1E56,0x1E58,0x1E5A,0x1E5C,0x1E5E,
  0x1E60,0x1E62,0x1E64,0x1E66,0x1E68,0x1E6A,0x1E6C,0x1E6E,0x1E70,0x1E72,0x1E74,0x1E76,
  0x1E78,0x1E7A,0x1E7C,0x1E7E,0x1E80,0x1E82,0x1E84,0x1E86,0x1E88,0x1E8A,0x1E8C,0x1E8E,
  0x1E90,0x1E92,0x1E94,0x48,0x331,0x54,0x308,0x57,0x30A,0x59,0x30A,0x41,
  0x2BE,0x1E60,0x1EA0,0x1EA2,0x1EA4,0x1EA6,0x1EA8,0x1EAA,0x1EAC,0x1EAE,0x1EB0,0x1EB2,
  0x1EB4,0x1EB6,0x1EB8,0x1EBA,0x1EBC,0x1EBE,0x1EC0,0x1EC2,0x1EC4,0x1EC6,0x1EC8,0x1ECA,
  0x1ECC,0x1ECE,0x1ED0,0x1ED2,0x1ED4,0x1ED6,0x1ED8,0x1EDA,0x1EDC,0x1EDE,0x1EE0,0x1EE2,
  0x1EE4,0x1EE6,0x1EE8,0x1EEA,0x1EEC,0x1EEE,0x1EF0,0x1EF2,0x1EF4,0x1EF6,0x1EF8,0x1EFA,
  0x1EFC,0x1EFE,0x1F08,0x1F09,0x1F0A,0x1F0B,0x1F0C,0x1F0D,0x1F0E,0x1F0F,0x1F18,0x1F19,
  0x1F1A,0x1F1B,0x1F1C,0x1F1D,0x1F28,0x1F29,0x1F2A,0x1F2B,0x1F2C,0x1F2D,0x1F2E,0x1F2F,
  0x1F38,0x1F39,0x1F3A,0x1F3B,0x1F3C,0x1F3D,0x1F3E,0x1F3F,0x1F48,0x1F49,0x1F4A,0x1F4B,
  0x1F4C,0x1F4D,0x3A5,0x313,0x1F59,0x3A5,0x313,0x300,0x1F5B,0x3A5,0x313,0x301,
  0x1F5D,0x3A5,0x313,0x342,0x1F5F,0x1F68,0x1F69,0x1F6A,0x1F6B,0x1F6C,0x1F6D,0x1F6E,
  0x1F6F,0x1FBA,0x1FBB,0x1FC8,0x1FC9,0x1FCA,0x1FCB,0x1FDA,0x1FDB,0x1FF8,0x1FF9,0x1FEA,
  0x1FEB,0x1FFA,0x1FFB,0x1F08,0x399,0x1F09,0x399,0x1F0A,0x399,0x1F0B,0x399,0x1F0C,
  0x399,0x1F0D,0x399,0x1F0E,0x399,0x1F0F,0x399,0x1F08,0x399,0x1F09,0x399,0x1F0A,
  0x399,0x1F0B,0x399,0x1F0C,0x399,0x1F0D,0x399,0x1F0E,0x399,0x1F0F,0x399,0x1F28,
  0x399,0x1F29,0x399,0x1F2A,0x399,0x1F2B,0x399,0x1F2C,0x399,0x1F2D,0x399,0x1F2E,
  0x399,0x1F2F,0x399,0x1F28,0x399,0x1F29,0x399,0x1F2A,0x399,0x1F2B,0x399,0x1F2C,
  0x399,0x1F2D,0x399,0x1F2E,0x399,0x1F2F,0x399,0x1F68,0x399,0x1F69,0x399,0x1F6A,
  0x399,0x1F6B,0x399,0x1F6C,0x399,0x1F6D,0x399,0x1F6E,0x399,0x1F6F,0x399,0x1F68,
  0x399,0x1F69,0x399,0x1F6A,0x399,0x1F6B,0x399,0x1F6C,0x399,0x1F6D,0x399,0x1F6E,
  0x399,0x1F6F,0x399,0x1FB8,0x1FB9,0x1FBA,0x399,0x391,0x399,0x386,0x399,0x391,
  0x342,0x391,0x342,0x399,0x391,0x399,0x399,0x1FCA,0x399,0x397,0x399,0x389,
  0x399,0x397,0x342,0x397,0x342,0x399,0x397,0x399,0x1FD8,0x1FD9,0x399,0x308,
  0x300,0x399,0x308,0x301,0x399,0x342,0x399,0x308,0x342,0x1FE8,0x1FE9,0x3A5,
  0x308,0x300,0x3A5,0x308,0x301,0x3A1,0x313,0x1FEC,0x3A5,0x342,0x3A5,0x308,
  0x342,0x1FFA,0x399,0x3A9,0x399,0x38F,0x399,0x3A9,0x342,0x3A9,0x342,0x399,
  0x3A9,0x399,0x2132,0x2160,0x2161,0x2162,0x2163,0x2164,0x2165,0x2166,0x2167,0x2168,
  0x2169,0x216A,0x216B,0x216C,0x216D,0x216E,0x216F,0x2183,0x24B6,0x24B7,0x24B8,0x24B9,
  0x24BA,0x24BB,0x24BC,0x24BD,0x24BE,0x24BF,0x24C0,0x24C1,0x24C2,0x24C3,0x24C4,0x24C5,
  0x24C6,0x24C7,0x24C8,0x24C9,0x24CA,0x24CB,0x24CC,0x24CD,0x24CE,0x24CF,0x2C00,0x2C01,
  0x2C02,0x2C03,0x2C04,0x2C05,0x2C06,0x2C07,0x2C08,0x2C09,0x2C0A,0x2C0B,0x2C0C,0x2C0D,
  0x2C0E,0x2C0F,0x2C10,0x2C11,0x2C12,0x2C13,0x2C14,0x2C15,0x2C16,0x2C17,0x2C18,0x2C19,
  0x2C1A,0x2C1B,0x2C1C,0x2C1D,0x2C1E,0x2C1F,0x2C20,0x2C21,0x2C22,0x2C23,0x2C24,0x2C25,
  0x2C26,0x2C27,0x2C28,0x2C29,0x2C2A,0x2C2B,0x2C2C,0x2C2D,0x2C2E,0x2C2F,0x2C60,0x23A,
  0x23E,0x2C67,0x2C69,0x2C6B,0x2C72,0x2C75,0x2C80,0x2C82,0x2C84,0x2C86,0x2C88,0x2C8A,
  0x2C8C,0x2C8E,0x2C90,0x2C92,0x2C94,0x2C96,0x2C98,0x2C9A,0x2C9C,0x2C9E,0x2CA0,0x2CA2,
  0x2CA4,0x2CA6,0x2CA8,0x2CAA,0x2CAC,0x2CAE,0x2CB0,0x2CB2,0x2CB4,0x2CB6,0x2CB8,0x2CBA,
  0x2CBC,0x2CBE,0x2CC0,0x2CC2,0x2CC4,0x2CC6,0x2CC8,0x2CCA,0x2CCC,0x2CCE,0x2CD0,0x2CD2,
  0x2CD4,0x2CD6,0x2CD8,0x2CDA,0x2CDC,0x2CDE,0x2CE0,0x2CE2,0x2CEB,0x2CED,0x2CF2,0x10A0,
  0x10A1,0x10A2,0x10A3,0x10A4,0x10A5,0x10A6,0x10A7,0x10A8,0x10A9,0x10AA,0x10AB,0x10AC,
  0x10AD,0x10AE,0x10AF,0x10B0,0x10B1,0x10B2,0x10B3,0x10B4,0x10B5,0x10B6,0x10B7,0x10B8,
  0x10B9,0x10BA,0x10BB,0x10BC,0x10BD,0x10BE,0x10BF,0x10C0,0x10C1,0x10C2,0x10C3,0x10C4,
  0x10C5,0x10C7,0x10CD,0xA640,0xA642,0xA644,0xA646,0xA648,0xA64A,0xA64C,0xA64E,0xA650,
  0xA652,0xA654,0xA656,0xA658,0xA65A,0xA65C,0xA65E,0xA660,0xA662,0xA664,0xA666,0xA668,
  0xA66A,0xA66C,0xA680,0xA682,0xA684,0xA686,0xA688,0xA68A,0xA68C,0xA68E,0xA690,0xA692,
  0xA694,0xA696,0xA698,0xA69A,0xA722,0xA724,0xA726,0xA728,0xA72A,0xA72C,0xA72E,0xA732,
  0xA734,0xA736,0xA738,0xA73A,0xA73C,0xA73E,0xA740,0xA742,0xA744,0xA746,0xA748,0xA74A,
  0xA74C,0xA74E,0xA750,0xA752,0xA754,0xA756,0xA758,0xA75A,0xA75C,0xA75E,0xA760,0xA762,
  0xA764,0xA766,0xA768,0xA76A,0xA76C,0xA76E,0xA779,0xA77B,0xA77E,0xA780,0xA782,0xA784,
  0xA786,0xA78B,0xA790,0xA792,0xA7C4,0xA796,0xA798,0xA79A,0xA79C,0xA79E,0xA7A0,0xA7A2,
  0xA7A4,0xA7A6,0xA7A8,0xA7B4,0xA7B6,0xA7B8,0xA7BA,0xA7BC,0xA7BE,0xA7C0,0xA7C2,0xA7C7,
  0xA7C9,0xA7CC,0xA7D0,0xA7D6,0xA7D8,0xA7DA,0xA7F5,0xA7B3,0x13A0,0x13A1,0x13A2,0x13A3,
  0x13A4,0x13A5,0x13A6,0x13A7,0x13A8,0x13A9,0x13AA,0x13AB,0x13AC,0x13AD,0x13AE,0x13AF,
  0x13B0,0x13B1,0x13B2,0x13B3,0x13B4,0x13B5,0x13B6,0x13B7,0x13B8,0x13B9,0x13BA,0x13BB,
  0x13BC,0x13BD,0x13BE,0x13BF,0x13C0,0x13C1,0x13C2,0x13C3,0x13C4,0x13C5,0x13C6,0x13C7,
  0x13C8,0x13C9,0x13CA,0x13CB,0x13CC,0x13CD,0x13CE,0x13CF,0x13D0,0x13D1,0x13D2,0x13D3,
  0x13D4,0x13D5,0x13D6,0x13D7,0x13D8,0x13D9,0x13DA,0x13DB,0x13DC,0x13DD,0x13DE,0x13DF,
  0x13E0,0x13E1,0x13E2,0x13E3,0x13E4,0x13E5,0x13E6,0x13E7,0x13E8,0x13E9,0x13EA,0x13EB,
  0x13EC,0x13ED,0x13EE,0x13EF,0x46,0x46,0x46,0x49,0x46,0x4C,0x46,0x46,
  0x49,0x46,0x46,0x4C,0x53,0x54,0x53,0x54,0x544,0x546,0x544,0x535,
  0x544,0x53B,0x54E,0x546,0x544,0x53D,0xFF21,0xFF22,0xFF23,0xFF24,0xFF25,0xFF26,
  0xFF27,0xFF28,0xFF29,0xFF2A,0xFF2B,0xFF2C,0xFF2D,0xFF2E,0xFF2F,0xFF30,0xFF31,0xFF32,
  0xFF33,0xFF34,0xFF35,0xFF36,0xFF37,0xFF38,0xFF39,0xFF3A,0x10400,0x10401,0x10402,0x10403,
  0x10404,0x10405,0x10406,0x10407,0x10408,0x10409,0x1040A,0x1040B,0x1040C,0x1040D,0x1040E,0x1040F,
  0x10410,0x10411,0x10412,0x10413,0x10414,0x10415,0x10416,0x10417,0x10418,0x10419,0x1041A,0x1041B,
  0x1041C,0x1041D,0x1041E,0x1041F,0x10420,0x10421,0x10422,0x10423,0x10424,0x10425,0x10426,0x10427,
  0x104B0,0x104B1,0x104B2,0x104B3,0x104B4,0x104B5,0x104B6,0x104B7,0x104B8,0x104B9,0x104BA,0x104BB,
  0x104BC,0x104BD,0x104BE,0x104BF,0x104C0,0x104C1,0x104C2,0x104C3,0x104C4,0x104C5,0x104C6,0x104C7,
  0x104C8,0x104C9,0x104CA,0x104CB,0x104CC,0x104CD,0x104CE,0x104CF,0x104D0,0x104D1,0x104D2,0x104D3,
  0x10570,0x10571,0x10572,0x10573,0x10574,0x10575,0x10576,0x10577,0x10578,0x10579,0x1057A,0x1057C,
  0x1057D,0x1057E,0x1057F,0x10580,0x10581,0x10582,0x10583,0x10584,0x10585,0x10586,0x10587,0x10588,
  0x10589,0x1058A,0x1058C,0x1058D,0x1058E,0x1058F,0x10590,0x10591,0x10592,0x10594,0x10595,0x10C80,
  0x10C81,0x10C82,0x10C83,0x10C84,0x10C85,0x10C86,0x10C87,0x10C88,0x10C89,0x10C8A,0x10C8B,0x10C8C,
  0x10C8D,0x10C8E,0x10C8F,0x10C90,0x10C91,0x10C92,0x10C93,0x10C94,0x10C95,0x10C96,0x10C97,0x10C98,
  0x10C99,0x10C9A,0x10C9B,0x10C9C,0x10C9D,0x10C9E,0x10C9F,0x10CA0,0x10CA1,0x10CA2,0x10CA3,0x10CA4,
  0x10CA5,0x10CA6,0x10CA7,0x10CA8,0x10CA9,0x10CAA,0x10CAB,0x10CAC,0x10CAD,0x10CAE,0x10CAF,0x10CB0,
  0x10CB1,0x10CB2,0x10D50,0x10D51,0x10D52,0x10D53,0x10D54,0x10D55,0x10D56,0x10D57,0x10D58,0x10D59,
  0x10D5A,0x10D5B,0x10D5C,0x10D5D,0x10D5E,0x10D5F,0x10D60,0x10D61,0x10D62,0x10D63,0x10D64,0x10D65,
  0x118A0,0x118A1,0x118A2,0x118A3,0x118A4,0x118A5,0x118A6,0x118A7,0x118A8,0x118A9,0x118AA,0x118AB,
  0x118AC,0x118AD,0x118AE,0x118AF,0x118B0,0x118B1,0x118B2,0x118B3,0x118B4,0x118B5,0x118B6,0x118B7,
  0x118B8,0x118B9,0x118BA,0x118BB,0x118BC,0x118BD,0x118BE,0x118BF,0x16E40,0x16E41,0x16E42,0x16E43,
  0x16E44,0x16E45,0x16E46,0x16E47,0x16E48,0x16E49,0x16E4A,0x16E4B,0x16E4C,0x16E4D,0x16E4E,0x16E4F,
  0x16E50,0x16E51,0x16E52,0x16E53,0x16E54,0x16E55,0x16E56,0x16E57,0x16E58,0x16E59,0x16E5A,0x16E5B,
  0x16E5C,0x16E5D,0x16E5E,0x16E5F,0x1E900,0x1E901,0x1E902,0x1E903,0x1E904,0x1E905,0x1E906,0x1E907,
  0x1E908,0x1E909,0x1E90A,0x1E90B,0x1E90C,0x1E90D,0x1E90E,0x1E90F,0x1E910,0x1E911,0x1E912,0x1E913,
  0x1E914,0x1E915,0x1E916,0x1E917,0x1E918,0x1E919,0x1E91A,0x1E91B,0x1E91C,0x1E91D,0x1E91E,0x1E91F,
  0x1E920,0x1E921,
};

constexpr uint32_t kLowerCp[1460] = {
  0x41,0x42,0x43,0x44,0x45,0x46,0x47,0x48,0x49,0x4A,0x4B,0x4C,
  0x4D,0x4E,0x4F,0x50,0x51,0x52,0x53,0x54,0x55,0x56,0x57,0x58,
  0x59,0x5A,0xC0,0xC1,0xC2,0xC3,0xC4,0xC5,0xC6,0xC7,0xC8,0xC9,
  0xCA,0xCB,0xCC,0xCD,0xCE,0xCF,0xD0,0xD1,0xD2,0xD3,0xD4,0xD5,
  0xD6,0xD8,0xD9,0xDA,0xDB,0xDC,0xDD,0xDE,0x100,0x102,0x104,0x106,
  0x108,0x10A,0x10C,0x10E,0x110,0x112,0x114,0x116,0x118,0x11A,0x11C,0x11E,
  0x120,0x122,0x124,0x126,0x128,0x12A,0x12C,0x12E,0x130,0x132,0x134,0x136,
  0x139,0x13B,0x13D,0x13F,0x141,0x143,0x145,0x147,0x14A,0x14C,0x14E,0x150,
  0x152,0x154,0x156,0x158,0x15A,0x15C,0x15E,0x160,0x162,0x164,0x166,0x168,
  0x16A,0x16C,0x16E,0x170,0x172,0x174,0x176,0x178,0x179,0x17B,0x17D,0x181,
  0x182,0x184,0x186,0x187,0x189,0x18A,0x18B,0x18E,0x18F,0x190,0x191,0x193,
  0x194,0x196,0x197,0x198,0x19C,0x19D,0x19F,0x1A0,0x1A2,0x1A4,0x1A6,0x1A7,
  0x1A9,0x1AC,0x1AE,0x1AF,0x1B1,0x1B2,0x1B3,0x1B5,0x1B7,0x1B8,0x1BC,0x1C4,
  0x1C5,0x1C7,0x1C8,0x1CA,0x1CB,0x1CD,0x1CF,0x1D1,0x1D3,0x1D5,0x1D7,0x1D9,
  0x1DB,0x1DE,0x1E0,0x1E2,0x1E4,0x1E6,0x1E8,0x1EA,0x1EC,0x1EE,0x1F1,0x1F2,
  0x1F4,0x1F6,0x1F7,0x1F8,0x1FA,0x1FC,0x1FE,0x200,0x202,0x204,0x206,0x208,
  0x20A,0x20C,0x20E,0x210,0x212,0x214,0x216,0x218,0x21A,0x21C,0x21E,0x220,
  0x222,0x224,0x226,0x228,0x22A,0x22C,0x22E,0x230,0x232,0x23A,0x23B,0x23D,
  0x23E,0x241,0x243,0x244,0x245,0x246,0x248,0x24A,0x24C,0x24E,0x370,0x372,
  0x376,0x37F,0x386,0x388,0x389,0x38A,0x38C,0x38E,0x38F,0x391,0x392,0x393,
  0x394,0x395,0x396,0x397,0x398,0x399,0x39A,0x39B,0x39C,0x39D,0x39E,0x39F,
  0x3A0,0x3A1,0x3A3,0x3A4,0x3A5,0x3A6,0x3A7,0x3A8,0x3A9,0x3AA,0x3AB,0x3CF,
  0x3D8,0x3DA,0x3DC,0x3DE,0x3E0,0x3E2,0x3E4,0x3E6,0x3E8,0x3EA,0x3EC,0x3EE,
  0x3F4,0x3F7,0x3F9,0x3FA,0x3FD,0x3FE,0x3FF,0x400,0x401,0x402,0x403,0x404,
  0x405,0x406,0x407,0x408,0x409,0x40A,0x40B,0x40C,0x40D,0x40E,0x40F,0x410,
  0x411,0x412,0x413,0x414,0x415,0x416,0x417,0x418,0x419,0x41A,0x41B,0x41C,
  0x41D,0x41E,0x41F,0x420,0x421,0x422,0x423,0x424,0x425,0x426,0x427,0x428,
  0x429,0x42A,0x42B,0x42C,0x42D,0x42E,0x42F,0x460,0x462,0x464,0x466,0x468,
  0x46A,0x46C,0x46E,0x470,0x472,0x474,0x476,0x478,0x47A,0x47C,0x47E,0x480,
  0x48A,0x48C,0x48E,0x490,0x492,0x494,0x496,0x498,0x49A,0x49C,0x49E,0x4A0,
  0x4A2,0x4A4,0x4A6,0x4A8,0x4AA,0x4AC,0x4AE,0x4B0,0x4B2,0x4B4,0x4B6,0x4B8,
  0x4BA,0x4BC,0x4BE,0x4C0,0x4C1,0x4C3,0x4C5,0x4C7,0x4C9,0x4CB,0x4CD,0x4D0,
  0x4D2,0x4D4,0x4D6,0x4D8,0x4DA,0x4DC,0x4DE,0x4E0,0x4E2,0x4E4,0x4E6,0x4E8,
  0x4EA,0x4EC,0x4EE,0x4F0,0x4F2,0x4F4,0x4F6,0x4F8,0x4FA,0x4FC,0x4FE,0x500,
  0x502,0x504,0x506,0x508,0x50A,0x50C,0x50E,0x510,0x512,0x514,0x516,0x518,
  0x51A,0x51C,0x51E,0x520,0x522,0x524,0x526,0x528,0x52A,0x52C,0x52E,0x531,
  0x532,0x533,0x534,0x535,0x536,0x537,0x538,0x539,0x53A,0x53B,0x53C,0x53D,
  0x53E,0x53F,0x540,0x541,0x542,0x543,0x544,0x545,0x546,0x547,0x548,0x549,
  0x54A,0x54B,0x54C,0x54D,0x54E,0x54F,0x550,0x551,0x552,0x553,0x554,0x555,
  0x556,0x10A0,0x10A1,0x10A2,0x10A3,0x10A4,0x10A5,0x10A6,0x10A7,0x10A8,0x10A9,0x10AA,
  0x10AB,0x10AC,0x10AD,0x10AE,0x10AF,0x10B0,0x10B1,0x10B2,0x10B3,0x10B4,0x10B5,0x10B6,
  0x10B7,0x10B8,0x10B9,0x10BA,0x10BB,0x10BC,0x10BD,0x10BE,0x10BF,0x10C0,0x10C1,0x10C2,
  0x10C3,0x10C4,0x10C5,0x10C7,0x10CD,0x13A0,0x13A1,0x13A2,0x13A3,0x13A4,0x13A5,0x13A6,
  0x13A7,0x13A8,0x13A9,0x13AA,0x13AB,0x13AC,0x13AD,0x13AE,0x13AF,0x13B0,0x13B1,0x13B2,
  0x13B3,0x13B4,0x13B5,0x13B6,0x13B7,0x13B8,0x13B9,0x13BA,0x13BB,0x13BC,0x13BD,0x13BE,
  0x13BF,0x13C0,0x13C1,0x13C2,0x13C3,0x13C4,0x13C5,0x13C6,0x13C7,0x13C8,0x13C9,0x13CA,
  0x13CB,0x13CC,0x13CD,0x13CE,0x13CF,0x13D0,0x13D1,0x13D2,0x13D3,0x13D4,0x13D5,0x13D6,
  0x13D7,0x13D8,0x13D9,0x13DA,0x13DB,0x13DC,0x13DD,0x13DE,0x13DF,0x13E0,0x13E1,0x13E2,
  0x13E3,0x13E4,0x13E5,0x13E6,0x13E7,0x13E8,0x13E9,0x13EA,0x13EB,0x13EC,0x13ED,0x13EE,
  0x13EF,0x13F0,0x13F1,0x13F2,0x13F3,0x13F4,0x13F5,0x1C89,0x1C90,0x1C91,0x1C92,0x1C93,
  0x1C94,0x1C95,0x1C96,0x1C97,0x1C98,0x1C99,0x1C9A,0x1C9B,0x1C9C,0x1C9D,0x1C9E,0x1C9F,
  0x1CA0,0x1CA1,0x1CA2,0x1CA3,0x1CA4,0x1CA5,0x1CA6,0x1CA7,0x1CA8,0x1CA9,0x1CAA,0x1CAB,
  0x1CAC,0x1CAD,0x1CAE,0x1CAF,0x1CB0,0x1CB1,0x1CB2,0x1CB3,0x1CB4,0x1CB5,0x1CB6,0x1CB7,
  0x1CB8,0x1CB9,0x1CBA,0x1CBD,0x1CBE,0x1CBF,0x1E00,0x1E02,0x1E04,0x1E06,0x1E08,0x1E0A,
  0x1E0C,0x1E0E,0x1E10,0x1E12,0x1E14,0x1E16,0x1E18,0x1E1A,0x1E1C,0x1E1E,0x1E20,0x1E22,
  0x1E24,0x1E26,0x1E28,0x1E2A,0x1E2C,0x1E2E,0x1E30,0x1E32,0x1E34,0x1E36,0x1E38,0x1E3A,
  0x1E3C,0x1E3E,0x1E40,0x1E42,0x1E44,0x1E46,0x1E48,0x1E4A,0x1E4C,0x1E4E,0x1E50,0x1E52,
  0x1E54,0x1E56,0x1E58,0x1E5A,0x1E5C,0x1E5E,0x1E60,0x1E62,0x1E64,0x1E66,0x1E68,0x1E6A,
  0x1E6C,0x1E6E,0x1E70,0x1E72,0x1E74,0x1E76,0x1E78,0x1E7A,0x1E7C,0x1E7E,0x1E80,0x1E82,
  0x1E84,0x1E86,0x1E88,0x1E8A,0x1E8C,0x1E8E,0x1E90,0x1E92,0x1E94,0x1E9E,0x1EA0,0x1EA2,
  0x1EA4,0x1EA6,0x1EA8,0x1EAA,0x1EAC,0x1EAE,0x1EB0,0x1EB2,0x1EB4,0x1EB6,0x1EB8,0x1EBA,
  0x1EBC,0x1EBE,0x1EC0,0x1EC2,0x1EC4,0x1EC6,0x1EC8,0x1ECA,0x1ECC,0x1ECE,0x1ED0,0x1ED2,
  0x1ED4,0x1ED6,0x1ED8,0x1EDA,0x1EDC,0x1EDE,0x1EE0,0x1EE2,0x1EE4,0x1EE6,0x1EE8,0x1EEA,
  0x1EEC,0x1EEE,0x1EF0,0x1EF2,0x1EF4,0x1EF6,0x1EF8,0x1EFA,0x1EFC,0x1EFE,0x1F08,0x1F09,
  0x1F0A,0x1F0B,0x1F0C,0x1F0D,0x1F0E,0x1F0F,0x1F18,0x1F19,0x1F1A,0x1F1B,0x1F1C,0x1F1D,
  0x1F28,0x1F29,0x1F2A,0x1F2B,0x1F2C,0x1F2D,0x1F2E,0x1F2F,0x1F38,0x1F39,0x1F3A,0x1F3B,
  0x1F3C,0x1F3D,0x1F3E,0x1F3F,0x1F48,0x1F49,0x1F4A,0x1F4B,0x1F4C,0x1F4D,0x1F59,0x1F5B,
  0x1F5D,0x1F5F,0x1F68,0x1F69,0x1F6A,0x1F6B,0x1F6C,0x1F6D,0x1F6E,0x1F6F,0x1F88,0x1F89,
  0x1F8A,0x1F8B,0x1F8C,0x1F8D,0x1F8E,0x1F8F,0x1F98,0x1F99,0x1F9A,0x1F9B,0x1F9C,0x1F9D,
  0x1F9E,0x1F9F,0x1FA8,0x1FA9,0x1FAA,0x1FAB,0x1FAC,0x1FAD,0x1FAE,0x1FAF,0x1FB8,0x1FB9,
  0x1FBA,0x1FBB,0x1FBC,0x1FC8,0x1FC9,0x1FCA,0x1FCB,0x1FCC,0x1FD8,0x1FD9,0x1FDA,0x1FDB,
  0x1FE8,0x1FE9,0x1FEA,0x1FEB,0x1FEC,0x1FF8,0x1FF9,0x1FFA,0x1FFB,0x1FFC,0x2126,0x212A,
  0x212B,0x2132,0x2160,0x2161,0x2162,0x2163,0x2164,0x2165,0x2166,0x2167,0x2168,0x2169,
  0x216A,0x216B,0x216C,0x216D,0x216E,0x216F,0x2183,0x24B6,0x24B7,0x24B8,0x24B9,0x24BA,
  0x24BB,0x24BC,0x24BD,0x24BE,0x24BF,0x24C0,0x24C1,0x24C2,0x24C3,0x24C4,0x24C5,0x24C6,
  0x24C7,0x24C8,0x24C9,0x24CA,0x24CB,0x24CC,0x24CD,0x24CE,0x24CF,0x2C00,0x2C01,0x2C02,
  0x2C03,0x2C04,0x2C05,0x2C06,0x2C07,0x2C08,0x2C09,0x2C0A,0x2C0B,0x2C0C,0x2C0D,0x2C0E,
  0x2C0F,0x2C10,0x2C11,0x2C12,0x2C13,0x2C14,0x2C15,0x2C16,0x2C17,0x2C18,0x2C19,0x2C1A,
  0x2C1B,0x2C1C,0x2C1D,0x2C1E,0x2C1F,0x2C20,0x2C21,0x2C22,0x2C23,0x2C24,0x2C25,0x2C26,
  0x2C27,0x2C28,0x2C29,0x2C2A,0x2C2B,0x2C2C,0x2C2D,0x2C2E,0x2C2F,0x2C60,0x2C62,0x2C63,
  0x2C64,0x2C67,0x2C69,0x2C6B,0x2C6D,0x2C6E,0x2C6F,0x2C70,0x2C72,0x2C75,0x2C7E,0x2C7F,
  0x2C80,0x2C82,0x2C84,0x2C86,0x2C88,0x2C8A,0x2C8C,0x2C8E,0x2C90,0x2C92,0x2C94,0x2C96,
  0x2C98,0x2C9A,0x2C9C,0x2C9E,0x2CA0,0x2CA2,0x2CA4,0x2CA6,0x2CA8,0x2CAA,0x2CAC,0x2CAE,
  0x2CB0,0x2CB2,0x2CB4,0x2CB6,0x2CB8,0x2CBA,0x2CBC,0x2CBE,0x2CC0,0x2CC2,0x2CC4,0x2CC6,
  0x2CC8,0x2CCA,0x2CCC,0x2CCE,0x2CD0,0x2CD2,0x2CD4,0x2CD6,0x2CD8,0x2CDA,0x2CDC,0x2CDE,
  0x2CE0,0x2CE2,0x2CEB,0x2CED,0x2CF2,0xA640,0xA642,0xA644,0xA646,0xA648,0xA64A,0xA64C,
  0xA64E,0xA650,0xA652,0xA654,0xA656,0xA658,0xA65A,0xA65C,0xA65E,0xA660,0xA662,0xA664,
  0xA666,0xA668,0xA66A,0xA66C,0xA680,0xA682,0xA684,0xA686,0xA688,0xA68A,0xA68C,0xA68E,
  0xA690,0xA692,0xA694,0xA696,0xA698,0xA69A,0xA722,0xA724,0xA726,0xA728,0xA72A,0xA72C,
  0xA72E,0xA732,0xA734,0xA736,0xA738,0xA73A,0xA73C,0xA73E,0xA740,0xA742,0xA744,0xA746,
  0xA748,0xA74A,0xA74C,0xA74E,0xA750,0xA752,0xA754,0xA756,0xA758,0xA75A,0xA75C,0xA75E,
  0xA760,0xA762,0xA764,0xA766,0xA768,0xA76A,0xA76C,0xA76E,0xA779,0xA77B,0xA77D,0xA77E,
  0xA780,0xA782,0xA784,0xA786,0xA78B,0xA78D,0xA790,0xA792,0xA796,0xA798,0xA79A,0xA79C,
  0xA79E,0xA7A0,0xA7A2,0xA7A4,0xA7A6,0xA7A8,0xA7AA,0xA7AB,0xA7AC,0xA7AD,0xA7AE,0xA7B0,
  0xA7B1,0xA7B2,0xA7B3,0xA7B4,0xA7B6,0xA7B8,0xA7BA,0xA7BC,0xA7BE,0xA7C0,0xA7C2,0xA7C4,
  0xA7C5,0xA7C6,0xA7C7,0xA7C9,0xA7CB,0xA7CC,0xA7D0,0xA7D6,0xA7D8,0xA7DA,0xA7DC,0xA7F5,
  0xFF21,0xFF22,0xFF23,0xFF24,0xFF25,0xFF26,0xFF27,0xFF28,0xFF29,0xFF2A,0xFF2B,0xFF2C,
  0xFF2D,0xFF2E,0xFF2F,0xFF30,0xFF31,0xFF32,0xFF33,0xFF34,0xFF35,0xFF36,0xFF37,0xFF38,
  0xFF39,0xFF3A,0x10400,0x10401,0x10402,0x10403,0x10404,0x10405,0x10406,0x10407,0x10408,0x10409,
  0x1040A,0x1040B,0x1040C,0x1040D,0x1040E,0x1040F,0x10410,0x10411,0x10412,0x10413,0x10414,0x10415,
  0x10416,0x10417,0x10418,0x10419,0x1041A,0x1041B,0x1041C,0x1041D,0x1041E,0x1041F,0x10420,0x10421,
  0x10422,0x10423,0x10424,0x10425,0x10426,0x10427,0x104B0,0x104B1,0x104B2,0x104B3,0x104B4,0x104B5,
  0x104B6,0x104B7,0x104B8,0x104B9,0x104BA,0x104BB,0x104BC,0x104BD,0x104BE,0x104BF,0x104C0,0x104C1,
  0x104C2,0x104C3,0x104C4,0x104C5,0x104C6,0x104C7,0x104C8,0x104C9,0x104CA,0x104CB,0x104CC,0x104CD,
  0x104CE,0x104CF,0x104D0,0x104D1,0x104D2,0x104D3,0x10570,0x10571,0x10572,0x10573,0x10574,0x10575,
  0x10576,0x10577,0x10578,0x10579,0x1057A,0x1057C,0x1057D,0x1057E,0x1057F,0x10580,0x10581,0x10582,
  0x10583,0x10584,0x10585,0x10586,0x10587,0x10588,0x10589,0x1058A,0x1058C,0x1058D,0x1058E,0x1058F,
  0x10590,0x10591,0x10592,0x10594,0x10595,0x10C80,0x10C81,0x10C82,0x10C83,0x10C84,0x10C85,0x10C86,
  0x10C87,0x10C88,0x10C89,0x10C8A,0x10C8B,0x10C8C,0x10C8D,0x10C8E,0x10C8F,0x10C90,0x10C91,0x10C92,
  0x10C93,0x10C94,0x10C95,0x10C96,0x10C97,0x10C98,0x10C99,0x10C9A,0x10C9B,0x10C9C,0x10C9D,0x10C9E,
  0x10C9F,0x10CA0,0x10CA1,0x10CA2,0x10CA3,0x10CA4,0x10CA5,0x10CA6,0x10CA7,0x10CA8,0x10CA9,0x10CAA,
  0x10CAB,0x10CAC,0x10CAD,0x10CAE,0x10CAF,0x10CB0,0x10CB1,0x10CB2,0x10D50,0x10D51,0x10D52,0x10D53,
  0x10D54,0x10D55,0x10D56,0x10D57,0x10D58,0x10D59,0x10D5A,0x10D5B,0x10D5C,0x10D5D,0x10D5E,0x10D5F,
  0x10D60,0x10D61,0x10D62,0x10D63,0x10D64,0x10D65,0x118A0,0x118A1,0x118A2,0x118A3,0x118A4,0x118A5,
  0x118A6,0x118A7,0x118A8,0x118A9,0x118AA,0x118AB,0x118AC,0x118AD,0x118AE,0x118AF,0x118B0,0x118B1,
  0x118B2,0x118B3,0x118B4,0x118B5,0x118B6,0x118B7,0x118B8,0x118B9,0x118BA,0x118BB,0x118BC,0x118BD,
  0x118BE,0x118BF,0x16E40,0x16E41,0x16E42,0x16E43,0x16E44,0x16E45,0x16E46,0x16E47,0x16E48,0x16E49,
  0x16E4A,0x16E4B,0x16E4C,0x16E4D,0x16E4E,0x16E4F,0x16E50,0x16E51,0x16E52,0x16E53,0x16E54,0x16E55,
  0x16E56,0x16E57,0x16E58,0x16E59,0x16E5A,0x16E5B,0x16E5C,0x16E5D,0x16E5E,0x16E5F,0x1E900,0x1E901,
  0x1E902,0x1E903,0x1E904,0x1E905,0x1E906,0x1E907,0x1E908,0x1E909,0x1E90A,0x1E90B,0x1E90C,0x1E90D,
  0x1E90E,0x1E90F,0x1E910,0x1E911,0x1E912,0x1E913,0x1E914,0x1E915,0x1E916,0x1E917,0x1E918,0x1E919,
  0x1E91A,0x1E91B,0x1E91C,0x1E91D,0x1E91E,0x1E91F,0x1E920,0x1E921,
};

constexpr uint32_t kLowerOff[1460] = {
  0x1,0x9,0x11,0x19,0x21,0x29,0x31,0x39,0x41,0x49,0x51,0x59,
  0x61,0x69,0x71,0x79,0x81,0x89,0x91,0x99,0xA1,0xA9,0xB1,0xB9,
  0xC1,0xC9,0xD1,0xD9,0xE1,0xE9,0xF1,0xF9,0x101,0x109,0x111,0x119,
  0x121,0x129,0x131,0x139,0x141,0x149,0x151,0x159,0x161,0x169,0x171,0x179,
  0x181,0x189,0x191,0x199,0x1A1,0x1A9,0x1B1,0x1B9,0x1C1,0x1C9,0x1D1,0x1D9,
  0x1E1,0x1E9,0x1F1,0x1F9,0x201,0x209,0x211,0x219,0x221,0x229,0x231,0x239,
  0x241,0x249,0x251,0x259,0x261,0x269,0x271,0x279,0x282,0x291,0x299,0x2A1,
  0x2A9,0x2B1,0x2B9,0x2C1,0x2C9,0x2D1,0x2D9,0x2E1,0x2E9,0x2F1,0x2F9,0x301,
  0x309,0x311,0x319,0x321,0x329,0x331,0x339,0x341,0x349,0x351,0x359,0x361,
  0x369,0x371,0x379,0x381,0x389,0x391,0x399,0x3A1,0x3A9,0x3B1,0x3B9,0x3C1,
  0x3C9,0x3D1,0x3D9,0x3E1,0x3E9,0x3F1,0x3F9,0x401,0x409,0x411,0x419,0x421,
  0x429,0x431,0x439,0x441,0x449,0x451,0x459,0x461,0x469,0x471,0x479,0x481,
  0x489,0x491,0x499,0x4A1,0x4A9,0x4B1,0x4B9,0x4C1,0x4C9,0x4D1,0x4D9,0x4E1,
  0x4E9,0x4F1,0x4F9,0x501,0x509,0x511,0x519,0x521,0x529,0x531,0x539,0x541,
  0x549,0x551,0x559,0x561,0x569,0x571,0x579,0x581,0x589,0x591,0x599,0x5A1,
  0x5A9,0x5B1,0x5B9,0x5C1,0x5C9,0x5D1,0x5D9,0x5E1,0x5E9,0x5F1,0x5F9,0x601,
  0x609,0x611,0x619,0x621,0x629,0x631,0x639,0x641,0x649,0x651,0x659,0x661,
  0x669,0x671,0x679,0x681,0x689,0x691,0x699,0x6A1,0x6A9,0x6B1,0x6B9,0x6C1,
  0x6C9,0x6D1,0x6D9,0x6E1,0x6E9,0x6F1,0x6F9,0x701,0x709,0x711,0x719,0x721,
  0x729,0x731,0x739,0x741,0x749,0x751,0x759,0x761,0x769,0x771,0x779,0x781,
  0x789,0x791,0x799,0x7A1,0x7A9,0x7B1,0x7B9,0x7C1,0x7C9,0x7D1,0x7D9,0x7E1,
  0x7E9,0x7F1,0x7F9,0x801,0x809,0x811,0x819,0x821,0x829,0x831,0x839,0x841,
  0x849,0x851,0x859,0x861,0x869,0x871,0x879,0x881,0x889,0x891,0x899,0x8A1,
  0x8A9,0x8B1,0x8B9,0x8C1,0x8C9,0x8D1,0x8D9,0x8E1,0x8E9,0x8F1,0x8F9,0x901,
  0x909,0x911,0x919,0x921,0x929,0x931,0x939,0x941,0x949,0x951,0x959,0x961,
  0x969,0x971,0x979,0x981,0x989,0x991,0x999,0x9A1,0x9A9,0x9B1,0x9B9,0x9C1,
  0x9C9,0x9D1,0x9D9,0x9E1,0x9E9,0x9F1,0x9F9,0xA01,0xA09,0xA11,0xA19,0xA21,
  0xA29,0xA31,0xA39,0xA41,0xA49,0xA51,0xA59,0xA61,0xA69,0xA71,0xA79,0xA81,
  0xA89,0xA91,0xA99,0xAA1,0xAA9,0xAB1,0xAB9,0xAC1,0xAC9,0xAD1,0xAD9,0xAE1,
  0xAE9,0xAF1,0xAF9,0xB01,0xB09,0xB11,0xB19,0xB21,0xB29,0xB31,0xB39,0xB41,
  0xB49,0xB51,0xB59,0xB61,0xB69,0xB71,0xB79,0xB81,0xB89,0xB91,0xB99,0xBA1,
  0xBA9,0xBB1,0xBB9,0xBC1,0xBC9,0xBD1,0xBD9,0xBE1,0xBE9,0xBF1,0xBF9,0xC01,
  0xC09,0xC11,0xC19,0xC21,0xC29,0xC31,0xC39,0xC41,0xC49,0xC51,0xC59,0xC61,
  0xC69,0xC71,0xC79,0xC81,0xC89,0xC91,0xC99,0xCA1,0xCA9,0xCB1,0xCB9,0xCC1,
  0xCC9,0xCD1,0xCD9,0xCE1,0xCE9,0xCF1,0xCF9,0xD01,0xD09,0xD11,0xD19,0xD21,
  0xD29,0xD31,0xD39,0xD41,0xD49,0xD51,0xD59,0xD61,0xD69,0xD71,0xD79,0xD81,
  0xD89,0xD91,0xD99,0xDA1,0xDA9,0xDB1,0xDB9,0xDC1,0xDC9,0xDD1,0xDD9,0xDE1,
  0xDE9,0xDF1,0xDF9,0xE01,0xE09,0xE11,0xE19,0xE21,0xE29,0xE31,0xE39,0xE41,
  0xE49,0xE51,0xE59,0xE61,0xE69,0xE71,0xE79,0xE81,0xE89,0xE91,0xE99,0xEA1,
  0xEA9,0xEB1,0xEB9,0xEC1,0xEC9,0xED1,0xED9,0xEE1,0xEE9,0xEF1,0xEF9,0xF01,
  0xF09,0xF11,0xF19,0xF21,0xF29,0xF31,0xF39,0xF41,0xF49,0xF51,0xF59,0xF61,
  0xF69,0xF71,0xF79,0xF81,0xF89,0xF91,0xF99,0xFA1,0xFA9,0xFB1,0xFB9,0xFC1,
  0xFC9,0xFD1,0xFD9,0xFE1,0xFE9,0xFF1,0xFF9,0x1001,0x1009,0x1011,0x1019,0x1021,
  0x1029,0x1031,0x1039,0x1041,0x1049,0x1051,0x1059,0x1061,0x1069,0x1071,0x1079,0x1081,
  0x1089,0x1091,0x1099,0x10A1,0x10A9,0x10B1,0x10B9,0x10C1,0x10C9,0x10D1,0x10D9,0x10E1,
  0x10E9,0x10F1,0x10F9,0x1101,0x1109,0x1111,0x1119,0x1121,0x1129,0x1131,0x1139,0x1141,
  0x1149,0x1151,0x1159,0x1161,0x1169,0x1171,0x1179,0x1181,0x1189,0x1191,0x1199,0x11A1,
  0x11A9,0x11B1,0x11B9,0x11C1,0x11C9,0x11D1,0x11D9,0x11E1,0x11E9,0x11F1,0x11F9,0x1201,
  0x1209,0x1211,0x1219,0x1221,0x1229,0x1231,0x1239,0x1241,0x1249,0x1251,0x1259,0x1261,
  0x1269,0x1271,0x1279,0x1281,0x1289,0x1291,0x1299,0x12A1,0x12A9,0x12B1,0x12B9,0x12C1,
  0x12C9,0x12D1,0x12D9,0x12E1,0x12E9,0x12F1,0x12F9,0x1301,0x1309,0x1311,0x1319,0x1321,
  0x1329,0x1331,0x1339,0x1341,0x1349,0x1351,0x1359,0x1361,0x1369,0x1371,0x1379,0x1381,
  0x1389,0x1391,0x1399,0x13A1,0x13A9,0x13B1,0x13B9,0x13C1,0x13C9,0x13D1,0x13D9,0x13E1,
  0x13E9,0x13F1,0x13F9,0x1401,0x1409,0x1411,0x1419,0x1421,0x1429,0x1431,0x1439,0x1441,
  0x1449,0x1451,0x1459,0x1461,0x1469,0x1471,0x1479,0x1481,0x1489,0x1491,0x1499,0x14A1,
  0x14A9,0x14B1,0x14B9,0x14C1,0x14C9,0x14D1,0x14D9,0x14E1,0x14E9,0x14F1,0x14F9,0x1501,
  0x1509,0x1511,0x1519,0x1521,0x1529,0x1531,0x1539,0x1541,0x1549,0x1551,0x1559,0x1561,
  0x1569,0x1571,0x1579,0x1581,0x1589,0x1591,0x1599,0x15A1,0x15A9,0x15B1,0x15B9,0x15C1,
  0x15C9,0x15D1,0x15D9,0x15E1,0x15E9,0x15F1,0x15F9,0x1601,0x1609,0x1611,0x1619,0x1621,
  0x1629,0x1631,0x1639,0x1641,0x1649,0x1651,0x1659,0x1661,0x1669,0x1671,0x1679,0x1681,
  0x1689,0x1691,0x1699,0x16A1,0x16A9,0x16B1,0x16B9,0x16C1,0x16C9,0x16D1,0x16D9,0x16E1,
  0x16E9,0x16F1,0x16F9,0x1701,0x1709,0x1711,0x1719,0x1721,0x1729,0x1731,0x1739,0x1741,
  0x1749,0x1751,0x1759,0x1761,0x1769,0x1771,0x1779,0x1781,0x1789,0x1791,0x1799,0x17A1,
  0x17A9,0x17B1,0x17B9,0x17C1,0x17C9,0x17D1,0x17D9,0x17E1,0x17E9,0x17F1,0x17F9,0x1801,
  0x1809,0x1811,0x1819,0x1821,0x1829,0x1831,0x1839,0x1841,0x1849,0x1851,0x1859,0x1861,
  0x1869,0x1871,0x1879,0x1881,0x1889,0x1891,0x1899,0x18A1,0x18A9,0x18B1,0x18B9,0x18C1,
  0x18C9,0x18D1,0x18D9,0x18E1,0x18E9,0x18F1,0x18F9,0x1901,0x1909,0x1911,0x1919,0x1921,
  0x1929,0x1931,0x1939,0x1941,0x1949,0x1951,0x1959,0x1961,0x1969,0x1971,0x1979,0x1981,
  0x1989,0x1991,0x1999,0x19A1,0x19A9,0x19B1,0x19B9,0x19C1,0x19C9,0x19D1,0x19D9,0x19E1,
  0x19E9,0x19F1,0x19F9,0x1A01,0x1A09,0x1A11,0x1A19,0x1A21,0x1A29,0x1A31,0x1A39,0x1A41,
  0x1A49,0x1A51,0x1A59,0x1A61,0x1A69,0x1A71,0x1A79,0x1A81,0x1A89,0x1A91,0x1A99,0x1AA1,
  0x1AA9,0x1AB1,0x1AB9,0x1AC1,0x1AC9,0x1AD1,0x1AD9,0x1AE1,0x1AE9,0x1AF1,0x1AF9,0x1B01,
  0x1B09,0x1B11,0x1B19,0x1B21,0x1B29,0x1B31,0x1B39,0x1B41,0x1B49,0x1B51,0x1B59,0x1B61,
  0x1B69,0x1B71,0x1B79,0x1B81,0x1B89,0x1B91,0x1B99,0x1BA1,0x1BA9,0x1BB1,0x1BB9,0x1BC1,
  0x1BC9,0x1BD1,0x1BD9,0x1BE1,0x1BE9,0x1BF1,0x1BF9,0x1C01,0x1C09,0x1C11,0x1C19,0x1C21,
  0x1C29,0x1C31,0x1C39,0x1C41,0x1C49,0x1C51,0x1C59,0x1C61,0x1C69,0x1C71,0x1C79,0x1C81,
  0x1C89,0x1C91,0x1C99,0x1CA1,0x1CA9,0x1CB1,0x1CB9,0x1CC1,0x1CC9,0x1CD1,0x1CD9,0x1CE1,
  0x1CE9,0x1CF1,0x1CF9,0x1D01,0x1D09,0x1D11,0x1D19,0x1D21,0x1D29,0x1D31,0x1D39,0x1D41,
  0x1D49,0x1D51,0x1D59,0x1D61,0x1D69,0x1D71,0x1D79,0x1D81,0x1D89,0x1D91,0x1D99,0x1DA1,
  0x1DA9,0x1DB1,0x1DB9,0x1DC1,0x1DC9,0x1DD1,0x1DD9,0x1DE1,0x1DE9,0x1DF1,0x1DF9,0x1E01,
  0x1E09,0x1E11,0x1E19,0x1E21,0x1E29,0x1E31,0x1E39,0x1E41,0x1E49,0x1E51,0x1E59,0x1E61,
  0x1E69,0x1E71,0x1E79,0x1E81,0x1E89,0x1E91,0x1E99,0x1EA1,0x1EA9,0x1EB1,0x1EB9,0x1EC1,
  0x1EC9,0x1ED1,0x1ED9,0x1EE1,0x1EE9,0x1EF1,0x1EF9,0x1F01,0x1F09,0x1F11,0x1F19,0x1F21,
  0x1F29,0x1F31,0x1F39,0x1F41,0x1F49,0x1F51,0x1F59,0x1F61,0x1F69,0x1F71,0x1F79,0x1F81,
  0x1F89,0x1F91,0x1F99,0x1FA1,0x1FA9,0x1FB1,0x1FB9,0x1FC1,0x1FC9,0x1FD1,0x1FD9,0x1FE1,
  0x1FE9,0x1FF1,0x1FF9,0x2001,0x2009,0x2011,0x2019,0x2021,0x2029,0x2031,0x2039,0x2041,
  0x2049,0x2051,0x2059,0x2061,0x2069,0x2071,0x2079,0x2081,0x2089,0x2091,0x2099,0x20A1,
  0x20A9,0x20B1,0x20B9,0x20C1,0x20C9,0x20D1,0x20D9,0x20E1,0x20E9,0x20F1,0x20F9,0x2101,
  0x2109,0x2111,0x2119,0x2121,0x2129,0x2131,0x2139,0x2141,0x2149,0x2151,0x2159,0x2161,
  0x2169,0x2171,0x2179,0x2181,0x2189,0x2191,0x2199,0x21A1,0x21A9,0x21B1,0x21B9,0x21C1,
  0x21C9,0x21D1,0x21D9,0x21E1,0x21E9,0x21F1,0x21F9,0x2201,0x2209,0x2211,0x2219,0x2221,
  0x2229,0x2231,0x2239,0x2241,0x2249,0x2251,0x2259,0x2261,0x2269,0x2271,0x2279,0x2281,
  0x2289,0x2291,0x2299,0x22A1,0x22A9,0x22B1,0x22B9,0x22C1,0x22C9,0x22D1,0x22D9,0x22E1,
  0x22E9,0x22F1,0x22F9,0x2301,0x2309,0x2311,0x2319,0x2321,0x2329,0x2331,0x2339,0x2341,
  0x2349,0x2351,0x2359,0x2361,0x2369,0x2371,0x2379,0x2381,0x2389,0x2391,0x2399,0x23A1,
  0x23A9,0x23B1,0x23B9,0x23C1,0x23C9,0x23D1,0x23D9,0x23E1,0x23E9,0x23F1,0x23F9,0x2401,
  0x2409,0x2411,0x2419,0x2421,0x2429,0x2431,0x2439,0x2441,0x2449,0x2451,0x2459,0x2461,
  0x2469,0x2471,0x2479,0x2481,0x2489,0x2491,0x2499,0x24A1,0x24A9,0x24B1,0x24B9,0x24C1,
  0x24C9,0x24D1,0x24D9,0x24E1,0x24E9,0x24F1,0x24F9,0x2501,0x2509,0x2511,0x2519,0x2521,
  0x2529,0x2531,0x2539,0x2541,0x2549,0x2551,0x2559,0x2561,0x2569,0x2571,0x2579,0x2581,
  0x2589,0x2591,0x2599,0x25A1,0x25A9,0x25B1,0x25B9,0x25C1,0x25C9,0x25D1,0x25D9,0x25E1,
  0x25E9,0x25F1,0x25F9,0x2601,0x2609,0x2611,0x2619,0x2621,0x2629,0x2631,0x2639,0x2641,
  0x2649,0x2651,0x2659,0x2661,0x2669,0x2671,0x2679,0x2681,0x2689,0x2691,0x2699,0x26A1,
  0x26A9,0x26B1,0x26B9,0x26C1,0x26C9,0x26D1,0x26D9,0x26E1,0x26E9,0x26F1,0x26F9,0x2701,
  0x2709,0x2711,0x2719,0x2721,0x2729,0x2731,0x2739,0x2741,0x2749,0x2751,0x2759,0x2761,
  0x2769,0x2771,0x2779,0x2781,0x2789,0x2791,0x2799,0x27A1,0x27A9,0x27B1,0x27B9,0x27C1,
  0x27C9,0x27D1,0x27D9,0x27E1,0x27E9,0x27F1,0x27F9,0x2801,0x2809,0x2811,0x2819,0x2821,
  0x2829,0x2831,0x2839,0x2841,0x2849,0x2851,0x2859,0x2861,0x2869,0x2871,0x2879,0x2881,
  0x2889,0x2891,0x2899,0x28A1,0x28A9,0x28B1,0x28B9,0x28C1,0x28C9,0x28D1,0x28D9,0x28E1,
  0x28E9,0x28F1,0x28F9,0x2901,0x2909,0x2911,0x2919,0x2921,0x2929,0x2931,0x2939,0x2941,
  0x2949,0x2951,0x2959,0x2961,0x2969,0x2971,0x2979,0x2981,0x2989,0x2991,0x2999,0x29A1,
  0x29A9,0x29B1,0x29B9,0x29C1,0x29C9,0x29D1,0x29D9,0x29E1,0x29E9,0x29F1,0x29F9,0x2A01,
  0x2A09,0x2A11,0x2A19,0x2A21,0x2A29,0x2A31,0x2A39,0x2A41,0x2A49,0x2A51,0x2A59,0x2A61,
  0x2A69,0x2A71,0x2A79,0x2A81,0x2A89,0x2A91,0x2A99,0x2AA1,0x2AA9,0x2AB1,0x2AB9,0x2AC1,
  0x2AC9,0x2AD1,0x2AD9,0x2AE1,0x2AE9,0x2AF1,0x2AF9,0x2B01,0x2B09,0x2B11,0x2B19,0x2B21,
  0x2B29,0x2B31,0x2B39,0x2B41,0x2B49,0x2B51,0x2B59,0x2B61,0x2B69,0x2B71,0x2B79,0x2B81,
  0x2B89,0x2B91,0x2B99,0x2BA1,0x2BA9,0x2BB1,0x2BB9,0x2BC1,0x2BC9,0x2BD1,0x2BD9,0x2BE1,
  0x2BE9,0x2BF1,0x2BF9,0x2C01,0x2C09,0x2C11,0x2C19,0x2C21,0x2C29,0x2C31,0x2C39,0x2C41,
  0x2C49,0x2C51,0x2C59,0x2C61,0x2C69,0x2C71,0x2C79,0x2C81,0x2C89,0x2C91,0x2C99,0x2CA1,
  0x2CA9,0x2CB1,0x2CB9,0x2CC1,0x2CC9,0x2CD1,0x2CD9,0x2CE1,0x2CE9,0x2CF1,0x2CF9,0x2D01,
  0x2D09,0x2D11,0x2D19,0x2D21,0x2D29,0x2D31,0x2D39,0x2D41,0x2D49,0x2D51,0x2D59,0x2D61,
  0x2D69,0x2D71,0x2D79,0x2D81,0x2D89,0x2D91,0x2D99,0x2DA1,
};

constexpr uint32_t kLowerPool[1461] = {
  0x61,0x62,0x63,0x64,0x65,0x66,0x67,0x68,0x69,0x6A,0x6B,0x6C,
  0x6D,0x6E,0x6F,0x70,0x71,0x72,0x73,0x74,0x75,0x76,0x77,0x78,
  0x79,0x7A,0xE0,0xE1,0xE2,0xE3,0xE4,0xE5,0xE6,0xE7,0xE8,0xE9,
  0xEA,0xEB,0xEC,0xED,0xEE,0xEF,0xF0,0xF1,0xF2,0xF3,0xF4,0xF5,
  0xF6,0xF8,0xF9,0xFA,0xFB,0xFC,0xFD,0xFE,0x101,0x103,0x105,0x107,
  0x109,0x10B,0x10D,0x10F,0x111,0x113,0x115,0x117,0x119,0x11B,0x11D,0x11F,
  0x121,0x123,0x125,0x127,0x129,0x12B,0x12D,0x12F,0x69,0x307,0x133,0x135,
  0x137,0x13A,0x13C,0x13E,0x140,0x142,0x144,0x146,0x148,0x14B,0x14D,0x14F,
  0x151,0x153,0x155,0x157,0x159,0x15B,0x15D,0x15F,0x161,0x163,0x165,0x167,
  0x169,0x16B,0x16D,0x16F,0x171,0x173,0x175,0x177,0xFF,0x17A,0x17C,0x17E,
  0x253,0x183,0x185,0x254,0x188,0x256,0x257,0x18C,0x1DD,0x259,0x25B,0x192,
  0x260,0x263,0x269,0x268,0x199,0x26F,0x272,0x275,0x1A1,0x1A3,0x1A5,0x280,
  0x1A8,0x283,0x1AD,0x288,0x1B0,0x28A,0x28B,0x1B4,0x1B6,0x292,0x1B9,0x1BD,
  0x1C6,0x1C6,0x1C9,0x1C9,0x1CC,0x1CC,0x1CE,0x1D0,0x1D2,0x1D4,0x1D6,0x1D8,
  0x1DA,0x1DC,0x1DF,0x1E1,0x1E3,0x1E5,0x1E7,0x1E9,0x1EB,0x1ED,0x1EF,0x1F3,
  0x1F3,0x1F5,0x195,0x1BF,0x1F9,0x1FB,0x1FD,0x1FF,0x201,0x203,0x205,0x207,
  0x209,0x20B,0x20D,0x20F,0x211,0x213,0x215,0x217,0x219,0x21B,0x21D,0x21F,
  0x19E,0x223,0x225,0x227,0x229,0x22B,0x22D,0x22F,0x231,0x233,0x2C65,0x23C,
  0x19A,0x2C66,0x242,0x180,0x289,0x28C,0x247,0x249,0x24B,0x24D,0x24F,0x371,
  0x373,0x377,0x3F3,0x3AC,0x3AD,0x3AE,0x3AF,0x3CC,0x3CD,0x3CE,0x3B1,0x3B2,
  0x3B3,0x3B4,0x3B5,0x3B6,0x3B7,0x3B8,0x3B9,0x3BA,0x3BB,0x3BC,0x3BD,0x3BE,
  0x3BF,0x3C0,0x3C1,0x3C3,0x3C4,0x3C5,0x3C6,0x3C7,0x3C8,0x3C9,0x3CA,0x3CB,
  0x3D7,0x3D9,0x3DB,0x3DD,0x3DF,0x3E1,0x3E3,0x3E5,0x3E7,0x3E9,0x3EB,0x3ED,
  0x3EF,0x3B8,0x3F8,0x3F2,0x3FB,0x37B,0x37C,0x37D,0x450,0x451,0x452,0x453,
  0x454,0x455,0x456,0x457,0x458,0x459,0x45A,0x45B,0x45C,0x45D,0x45E,0x45F,
  0x430,0x431,0x432,0x433,0x434,0x435,0x436,0x437,0x438,0x439,0x43A,0x43B,
  0x43C,0x43D,0x43E,0x43F,0x440,0x441,0x442,0x443,0x444,0x445,0x446,0x447,
  0x448,0x449,0x44A,0x44B,0x44C,0x44D,0x44E,0x44F,0x461,0x463,0x465,0x467,
  0x469,0x46B,0x46D,0x46F,0x471,0x473,0x475,0x477,0x479,0x47B,0x47D,0x47F,
  0x481,0x48B,0x48D,0x48F,0x491,0x493,0x495,0x497,0x499,0x49B,0x49D,0x49F,
  0x4A1,0x4A3,0x4A5,0x4A7,0x4A9,0x4AB,0x4AD,0x4AF,0x4B1,0x4B3,0x4B5,0x4B7,
  0x4B9,0x4BB,0x4BD,0x4BF,0x4CF,0x4C2,0x4C4,0x4C6,0x4C8,0x4CA,0x4CC,0x4CE,
  0x4D1,0x4D3,0x4D5,0x4D7,0x4D9,0x4DB,0x4DD,0x4DF,0x4E1,0x4E3,0x4E5,0x4E7,
  0x4E9,0x4EB,0x4ED,0x4EF,0x4F1,0x4F3,0x4F5,0x4F7,0x4F9,0x4FB,0x4FD,0x4FF,
  0x501,0x503,0x505,0x507,0x509,0x50B,0x50D,0x50F,0x511,0x513,0x515,0x517,
  0x519,0x51B,0x51D,0x51F,0x521,0x523,0x525,0x527,0x529,0x52B,0x52D,0x52F,
  0x561,0x562,0x563,0x564,0x565,0x566,0x567,0x568,0x569,0x56A,0x56B,0x56C,
  0x56D,0x56E,0x56F,0x570,0x571,0x572,0x573,0x574,0x575,0x576,0x577,0x578,
  0x579,0x57A,0x57B,0x57C,0x57D,0x57E,0x57F,0x580,0x581,0x582,0x583,0x584,
  0x585,0x586,0x2D00,0x2D01,0x2D02,0x2D03,0x2D04,0x2D05,0x2D06,0x2D07,0x2D08,0x2D09,
  0x2D0A,0x2D0B,0x2D0C,0x2D0D,0x2D0E,0x2D0F,0x2D10,0x2D11,0x2D12,0x2D13,0x2D14,0x2D15,
  0x2D16,0x2D17,0x2D18,0x2D19,0x2D1A,0x2D1B,0x2D1C,0x2D1D,0x2D1E,0x2D1F,0x2D20,0x2D21,
  0x2D22,0x2D23,0x2D24,0x2D25,0x2D27,0x2D2D,0xAB70,0xAB71,0xAB72,0xAB73,0xAB74,0xAB75,
  0xAB76,0xAB77,0xAB78,0xAB79,0xAB7A,0xAB7B,0xAB7C,0xAB7D,0xAB7E,0xAB7F,0xAB80,0xAB81,
  0xAB82,0xAB83,0xAB84,0xAB85,0xAB86,0xAB87,0xAB88,0xAB89,0xAB8A,0xAB8B,0xAB8C,0xAB8D,
  0xAB8E,0xAB8F,0xAB90,0xAB91,0xAB92,0xAB93,0xAB94,0xAB95,0xAB96,0xAB97,0xAB98,0xAB99,
  0xAB9A,0xAB9B,0xAB9C,0xAB9D,0xAB9E,0xAB9F,0xABA0,0xABA1,0xABA2,0xABA3,0xABA4,0xABA5,
  0xABA6,0xABA7,0xABA8,0xABA9,0xABAA,0xABAB,0xABAC,0xABAD,0xABAE,0xABAF,0xABB0,0xABB1,
  0xABB2,0xABB3,0xABB4,0xABB5,0xABB6,0xABB7,0xABB8,0xABB9,0xABBA,0xABBB,0xABBC,0xABBD,
  0xABBE,0xABBF,0x13F8,0x13F9,0x13FA,0x13FB,0x13FC,0x13FD,0x1C8A,0x10D0,0x10D1,0x10D2,
  0x10D3,0x10D4,0x10D5,0x10D6,0x10D7,0x10D8,0x10D9,0x10DA,0x10DB,0x10DC,0x10DD,0x10DE,
  0x10DF,0x10E0,0x10E1,0x10E2,0x10E3,0x10E4,0x10E5,0x10E6,0x10E7,0x10E8,0x10E9,0x10EA,
  0x10EB,0x10EC,0x10ED,0x10EE,0x10EF,0x10F0,0x10F1,0x10F2,0x10F3,0x10F4,0x10F5,0x10F6,
  0x10F7,0x10F8,0x10F9,0x10FA,0x10FD,0x10FE,0x10FF,0x1E01,0x1E03,0x1E05,0x1E07,0x1E09,
  0x1E0B,0x1E0D,0x1E0F,0x1E11,0x1E13,0x1E15,0x1E17,0x1E19,0x1E1B,0x1E1D,0x1E1F,0x1E21,
  0x1E23,0x1E25,0x1E27,0x1E29,0x1E2B,0x1E2D,0x1E2F,0x1E31,0x1E33,0x1E35,0x1E37,0x1E39,
  0x1E3B,0x1E3D,0x1E3F,0x1E41,0x1E43,0x1E45,0x1E47,0x1E49,0x1E4B,0x1E4D,0x1E4F,0x1E51,
  0x1E53,0x1E55,0x1E57,0x1E59,0x1E5B,0x1E5D,0x1E5F,0x1E61,0x1E63,0x1E65,0x1E67,0x1E69,
  0x1E6B,0x1E6D,0x1E6F,0x1E71,0x1E73,0x1E75,0x1E77,0x1E79,0x1E7B,0x1E7D,0x1E7F,0x1E81,
  0x1E83,0x1E85,0x1E87,0x1E89,0x1E8B,0x1E8D,0x1E8F,0x1E91,0x1E93,0x1E95,0xDF,0x1EA1,
  0x1EA3,0x1EA5,0x1EA7,0x1EA9,0x1EAB,0x1EAD,0x1EAF,0x1EB1,0x1EB3,0x1EB5,0x1EB7,0x1EB9,
  0x1EBB,0x1EBD,0x1EBF,0x1EC1,0x1EC3,0x1EC5,0x1EC7,0x1EC9,0x1ECB,0x1ECD,0x1ECF,0x1ED1,
  0x1ED3,0x1ED5,0x1ED7,0x1ED9,0x1EDB,0x1EDD,0x1EDF,0x1EE1,0x1EE3,0x1EE5,0x1EE7,0x1EE9,
  0x1EEB,0x1EED,0x1EEF,0x1EF1,0x1EF3,0x1EF5,0x1EF7,0x1EF9,0x1EFB,0x1EFD,0x1EFF,0x1F00,
  0x1F01,0x1F02,0x1F03,0x1F04,0x1F05,0x1F06,0x1F07,0x1F10,0x1F11,0x1F12,0x1F13,0x1F14,
  0x1F15,0x1F20,0x1F21,0x1F22,0x1F23,0x1F24,0x1F25,0x1F26,0x1F27,0x1F30,0x1F31,0x1F32,
  0x1F33,0x1F34,0x1F35,0x1F36,0x1F37,0x1F40,0x1F41,0x1F42,0x1F43,0x1F44,0x1F45,0x1F51,
  0x1F53,0x1F55,0x1F57,0x1F60,0x1F61,0x1F62,0x1F63,0x1F64,0x1F65,0x1F66,0x1F67,0x1F80,
  0x1F81,0x1F82,0x1F83,0x1F84,0x1F85,0x1F86,0x1F87,0x1F90,0x1F91,0x1F92,0x1F93,0x1F94,
  0x1F95,0x1F96,0x1F97,0x1FA0,0x1FA1,0x1FA2,0x1FA3,0x1FA4,0x1FA5,0x1FA6,0x1FA7,0x1FB0,
  0x1FB1,0x1F70,0x1F71,0x1FB3,0x1F72,0x1F73,0x1F74,0x1F75,0x1FC3,0x1FD0,0x1FD1,0x1F76,
  0x1F77,0x1FE0,0x1FE1,0x1F7A,0x1F7B,0x1FE5,0x1F78,0x1F79,0x1F7C,0x1F7D,0x1FF3,0x3C9,
  0x6B,0xE5,0x214E,0x2170,0x2171,0x2172,0x2173,0x2174,0x2175,0x2176,0x2177,0x2178,
  0x2179,0x217A,0x217B,0x217C,0x217D,0x217E,0x217F,0x2184,0x24D0,0x24D1,0x24D2,0x24D3,
  0x24D4,0x24D5,0x24D6,0x24D7,0x24D8,0x24D9,0x24DA,0x24DB,0x24DC,0x24DD,0x24DE,0x24DF,
  0x24E0,0x24E1,0x24E2,0x24E3,0x24E4,0x24E5,0x24E6,0x24E7,0x24E8,0x24E9,0x2C30,0x2C31,
  0x2C32,0x2C33,0x2C34,0x2C35,0x2C36,0x2C37,0x2C38,0x2C39,0x2C3A,0x2C3B,0x2C3C,0x2C3D,
  0x2C3E,0x2C3F,0x2C40,0x2C41,0x2C42,0x2C43,0x2C44,0x2C45,0x2C46,0x2C47,0x2C48,0x2C49,
  0x2C4A,0x2C4B,0x2C4C,0x2C4D,0x2C4E,0x2C4F,0x2C50,0x2C51,0x2C52,0x2C53,0x2C54,0x2C55,
  0x2C56,0x2C57,0x2C58,0x2C59,0x2C5A,0x2C5B,0x2C5C,0x2C5D,0x2C5E,0x2C5F,0x2C61,0x26B,
  0x1D7D,0x27D,0x2C68,0x2C6A,0x2C6C,0x251,0x271,0x250,0x252,0x2C73,0x2C76,0x23F,
  0x240,0x2C81,0x2C83,0x2C85,0x2C87,0x2C89,0x2C8B,0x2C8D,0x2C8F,0x2C91,0x2C93,0x2C95,
  0x2C97,0x2C99,0x2C9B,0x2C9D,0x2C9F,0x2CA1,0x2CA3,0x2CA5,0x2CA7,0x2CA9,0x2CAB,0x2CAD,
  0x2CAF,0x2CB1,0x2CB3,0x2CB5,0x2CB7,0x2CB9,0x2CBB,0x2CBD,0x2CBF,0x2CC1,0x2CC3,0x2CC5,
  0x2CC7,0x2CC9,0x2CCB,0x2CCD,0x2CCF,0x2CD1,0x2CD3,0x2CD5,0x2CD7,0x2CD9,0x2CDB,0x2CDD,
  0x2CDF,0x2CE1,0x2CE3,0x2CEC,0x2CEE,0x2CF3,0xA641,0xA643,0xA645,0xA647,0xA649,0xA64B,
  0xA64D,0xA64F,0xA651,0xA653,0xA655,0xA657,0xA659,0xA65B,0xA65D,0xA65F,0xA661,0xA663,
  0xA665,0xA667,0xA669,0xA66B,0xA66D,0xA681,0xA683,0xA685,0xA687,0xA689,0xA68B,0xA68D,
  0xA68F,0xA691,0xA693,0xA695,0xA697,0xA699,0xA69B,0xA723,0xA725,0xA727,0xA729,0xA72B,
  0xA72D,0xA72F,0xA733,0xA735,0xA737,0xA739,0xA73B,0xA73D,0xA73F,0xA741,0xA743,0xA745,
  0xA747,0xA749,0xA74B,0xA74D,0xA74F,0xA751,0xA753,0xA755,0xA757,0xA759,0xA75B,0xA75D,
  0xA75F,0xA761,0xA763,0xA765,0xA767,0xA769,0xA76B,0xA76D,0xA76F,0xA77A,0xA77C,0x1D79,
  0xA77F,0xA781,0xA783,0xA785,0xA787,0xA78C,0x265,0xA791,0xA793,0xA797,0xA799,0xA79B,
  0xA79D,0xA79F,0xA7A1,0xA7A3,0xA7A5,0xA7A7,0xA7A9,0x266,0x25C,0x261,0x26C,0x26A,
  0x29E,0x287,0x29D,0xAB53,0xA7B5,0xA7B7,0xA7B9,0xA7BB,0xA7BD,0xA7BF,0xA7C1,0xA7C3,
  0xA794,0x282,0x1D8E,0xA7C8,0xA7CA,0x264,0xA7CD,0xA7D1,0xA7D7,0xA7D9,0xA7DB,0x19B,
  0xA7F6,0xFF41,0xFF42,0xFF43,0xFF44,0xFF45,0xFF46,0xFF47,0xFF48,0xFF49,0xFF4A,0xFF4B,
  0xFF4C,0xFF4D,0xFF4E,0xFF4F,0xFF50,0xFF51,0xFF52,0xFF53,0xFF54,0xFF55,0xFF56,0xFF57,
  0xFF58,0xFF59,0xFF5A,0x10428,0x10429,0x1042A,0x1042B,0x1042C,0x1042D,0x1042E,0x1042F,0x10430,
  0x10431,0x10432,0x10433,0x10434,0x10435,0x10436,0x10437,0x10438,0x10439,0x1043A,0x1043B,0x1043C,
  0x1043D,0x1043E,0x1043F,0x10440,0x10441,0x10442,0x10443,0x10444,0x10445,0x10446,0x10447,0x10448,
  0x10449,0x1044A,0x1044B,0x1044C,0x1044D,0x1044E,0x1044F,0x104D8,0x104D9,0x104DA,0x104DB,0x104DC,
  0x104DD,0x104DE,0x104DF,0x104E0,0x104E1,0x104E2,0x104E3,0x104E4,0x104E5,0x104E6,0x104E7,0x104E8,
  0x104E9,0x104EA,0x104EB,0x104EC,0x104ED,0x104EE,0x104EF,0x104F0,0x104F1,0x104F2,0x104F3,0x104F4,
  0x104F5,0x104F6,0x104F7,0x104F8,0x104F9,0x104FA,0x104FB,0x10597,0x10598,0x10599,0x1059A,0x1059B,
  0x1059C,0x1059D,0x1059E,0x1059F,0x105A0,0x105A1,0x105A3,0x105A4,0x105A5,0x105A6,0x105A7,0x105A8,
  0x105A9,0x105AA,0x105AB,0x105AC,0x105AD,0x105AE,0x105AF,0x105B0,0x105B1,0x105B3,0x105B4,0x105B5,
  0x105B6,0x105B7,0x105B8,0x105B9,0x105BB,0x105BC,0x10CC0,0x10CC1,0x10CC2,0x10CC3,0x10CC4,0x10CC5,
  0x10CC6,0x10CC7,0x10CC8,0x10CC9,0x10CCA,0x10CCB,0x10CCC,0x10CCD,0x10CCE,0x10CCF,0x10CD0,0x10CD1,
  0x10CD2,0x10CD3,0x10CD4,0x10CD5,0x10CD6,0x10CD7,0x10CD8,0x10CD9,0x10CDA,0x10CDB,0x10CDC,0x10CDD,
  0x10CDE,0x10CDF,0x10CE0,0x10CE1,0x10CE2,0x10CE3,0x10CE4,0x10CE5,0x10CE6,0x10CE7,0x10CE8,0x10CE9,
  0x10CEA,0x10CEB,0x10CEC,0x10CED,0x10CEE,0x10CEF,0x10CF0,0x10CF1,0x10CF2,0x10D70,0x10D71,0x10D72,
  0x10D73,0x10D74,0x10D75,0x10D76,0x10D77,0x10D78,0x10D79,0x10D7A,0x10D7B,0x10D7C,0x10D7D,0x10D7E,
  0x10D7F,0x10D80,0x10D81,0x10D82,0x10D83,0x10D84,0x10D85,0x118C0,0x118C1,0x118C2,0x118C3,0x118C4,
  0x118C5,0x118C6,0x118C7,0x118C8,0x118C9,0x118CA,0x118CB,0x118CC,0x118CD,0x118CE,0x118CF,0x118D0,
  0x118D1,0x118D2,0x118D3,0x118D4,0x118D5,0x118D6,0x118D7,0x118D8,0x118D9,0x118DA,0x118DB,0x118DC,
  0x118DD,0x118DE,0x118DF,0x16E60,0x16E61,0x16E62,0x16E63,0x16E64,0x16E65,0x16E66,0x16E67,0x16E68,
  0x16E69,0x16E6A,0x16E6B,0x16E6C,0x16E6D,0x16E6E,0x16E6F,0x16E70,0x16E71,0x16E72,0x16E73,0x16E74,
  0x16E75,0x16E76,0x16E77,0x16E78,0x16E79,0x16E7A,0x16E7B,0x16E7C,0x16E7D,0x16E7E,0x16E7F,0x1E922,
  0x1E923,0x1E924,0x1E925,0x1E926,0x1E927,0x1E928,0x1E929,0x1E92A,0x1E92B,0x1E92C,0x1E92D,0x1E92E,
  0x1E92F,0x1E930,0x1E931,0x1E932,0x1E933,0x1E934,0x1E935,0x1E936,0x1E937,0x1E938,0x1E939,0x1E93A,
  0x1E93B,0x1E93C,0x1E93D,0x1E93E,0x1E93F,0x1E940,0x1E941,0x1E942,0x1E943,
};

constexpr uint32_t kDecompCp[2081] = {
  0xC0,0xC1,0xC2,0xC3,0xC4,0xC5,0xC7,0xC8,0xC9,0xCA,0xCB,0xCC,
  0xCD,0xCE,0xCF,0xD1,0xD2,0xD3,0xD4,0xD5,0xD6,0xD9,0xDA,0xDB,
  0xDC,0xDD,0xE0,0xE1,0xE2,0xE3,0xE4,0xE5,0xE7,0xE8,0xE9,0xEA,
  0xEB,0xEC,0xED,0xEE,0xEF,0xF1,0xF2,0xF3,0xF4,0xF5,0xF6,0xF9,
  0xFA,0xFB,0xFC,0xFD,0xFF,0x100,0x101,0x102,0x103,0x104,0x105,0x106,
  0x107,0x108,0x109,0x10A,0x10B,0x10C,0x10D,0x10E,0x10F,0x112,0x113,0x114,
  0x115,0x116,0x117,0x118,0x119,0x11A,0x11B,0x11C,0x11D,0x11E,0x11F,0x120,
  0x121,0x122,0x123,0x124,0x125,0x128,0x129,0x12A,0x12B,0x12C,0x12D,0x12E,
  0x12F,0x130,0x134,0x135,0x136,0x137,0x139,0x13A,0x13B,0x13C,0x13D,0x13E,
  0x143,0x144,0x145,0x146,0x147,0x148,0x14C,0x14D,0x14E,0x14F,0x150,0x151,
  0x154,0x155,0x156,0x157,0x158,0x159,0x15A,0x15B,0x15C,0x15D,0x15E,0x15F,
  0x160,0x161,0x162,0x163,0x164,0x165,0x168,0x169,0x16A,0x16B,0x16C,0x16D,
  0x16E,0x16F,0x170,0x171,0x172,0x173,0x174,0x175,0x176,0x177,0x178,0x179,
  0x17A,0x17B,0x17C,0x17D,0x17E,0x1A0,0x1A1,0x1AF,0x1B0,0x1CD,0x1CE,0x1CF,
  0x1D0,0x1D1,0x1D2,0x1D3,0x1D4,0x1D5,0x1D6,0x1D7,0x1D8,0x1D9,0x1DA,0x1DB,
  0x1DC,0x1DE,0x1DF,0x1E0,0x1E1,0x1E2,0x1E3,0x1E6,0x1E7,0x1E8,0x1E9,0x1EA,
  0x1EB,0x1EC,0x1ED,0x1EE,0x1EF,0x1F0,0x1F4,0x1F5,0x1F8,0x1F9,0x1FA,0x1FB,
  0x1FC,0x1FD,0x1FE,0x1FF,0x200,0x201,0x202,0x203,0x204,0x205,0x206,0x207,
  0x208,0x209,0x20A,0x20B,0x20C,0x20D,0x20E,0x20F,0x210,0x211,0x212,0x213,
  0x214,0x215,0x216,0x217,0x218,0x219,0x21A,0x21B,0x21E,0x21F,0x226,0x227,
  0x228,0x229,0x22A,0x22B,0x22C,0x22D,0x22E,0x22F,0x230,0x231,0x232,0x233,
  0x340,0x341,0x343,0x344,0x374,0x37E,0x385,0x386,0x387,0x388,0x389,0x38A,
  0x38C,0x38E,0x38F,0x390,0x3AA,0x3AB,0x3AC,0x3AD,0x3AE,0x3AF,0x3B0,0x3CA,
  0x3CB,0x3CC,0x3CD,0x3CE,0x3D3,0x3D4,0x400,0x401,0x403,0x407,0x40C,0x40D,
  0x40E,0x419,0x439,0x450,0x451,0x453,0x457,0x45C,0x45D,0x45E,0x476,0x477,
  0x4C1,0x4C2,0x4D0,0x4D1,0x4D2,0x4D3,0x4D6,0x4D7,0x4DA,0x4DB,0x4DC,0x4DD,
  0x4DE,0x4DF,0x4E2,0x4E3,0x4E4,0x4E5,0x4E6,0x4E7,0x4EA,0x4EB,0x4EC,0x4ED,
  0x4EE,0x4EF,0x4F0,0x4F1,0x4F2,0x4F3,0x4F4,0x4F5,0x4F8,0x4F9,0x622,0x623,
  0x624,0x625,0x626,0x6C0,0x6C2,0x6D3,0x929,0x931,0x934,0x958,0x959,0x95A,
  0x95B,0x95C,0x95D,0x95E,0x95F,0x9CB,0x9CC,0x9DC,0x9DD,0x9DF,0xA33,0xA36,
  0xA59,0xA5A,0xA5B,0xA5E,0xB48,0xB4B,0xB4C,0xB5C,0xB5D,0xB94,0xBCA,0xBCB,
  0xBCC,0xC48,0xCC0,0xCC7,0xCC8,0xCCA,0xCCB,0xD4A,0xD4B,0xD4C,0xDDA,0xDDC,
  0xDDD,0xDDE,0xF43,0xF4D,0xF52,0xF57,0xF5C,0xF69,0xF73,0xF75,0xF76,0xF78,
  0xF81,0xF93,0xF9D,0xFA2,0xFA7,0xFAC,0xFB9,0x1026,0x1B06,0x1B08,0x1B0A,0x1B0C,
  0x1B0E,0x1B12,0x1B3B,0x1B3D,0x1B40,0x1B41,0x1B43,0x1E00,0x1E01,0x1E02,0x1E03,0x1E04,
  0x1E05,0x1E06,0x1E07,0x1E08,0x1E09,0x1E0A,0x1E0B,0x1E0C,0x1E0D,0x1E0E,0x1E0F,0x1E10,
  0x1E11,0x1E12,0x1E13,0x1E14,0x1E15,0x1E16,0x1E17,0x1E18,0x1E19,0x1E1A,0x1E1B,0x1E1C,
  0x1E1D,0x1E1E,0x1E1F,0x1E20,0x1E21,0x1E22,0x1E23,0x1E24,0x1E25,0x1E26,0x1E27,0x1E28,
  0x1E29,0x1E2A,0x1E2B,0x1E2C,0x1E2D,0x1E2E,0x1E2F,0x1E30,0x1E31,0x1E32,0x1E33,0x1E34,
  0x1E35,0x1E36,0x1E37,0x1E38,0x1E39,0x1E3A,0x1E3B,0x1E3C,0x1E3D,0x1E3E,0x1E3F,0x1E40,
  0x1E41,0x1E42,0x1E43,0x1E44,0x1E45,0x1E46,0x1E47,0x1E48,0x1E49,0x1E4A,0x1E4B,0x1E4C,
  0x1E4D,0x1E4E,0x1E4F,0x1E50,0x1E51,0x1E52,0x1E53,0x1E54,0x1E55,0x1E56,0x1E57,0x1E58,
  0x1E59,0x1E5A,0x1E5B,0x1E5C,0x1E5D,0x1E5E,0x1E5F,0x1E60,0x1E61,0x1E62,0x1E63,0x1E64,
  0x1E65,0x1E66,0x1E67,0x1E68,0x1E69,0x1E6A,0x1E6B,0x1E6C,0x1E6D,0x1E6E,0x1E6F,0x1E70,
  0x1E71,0x1E72,0x1E73,0x1E74,0x1E75,0x1E76,0x1E77,0x1E78,0x1E79,0x1E7A,0x1E7B,0x1E7C,
  0x1E7D,0x1E7E,0x1E7F,0x1E80,0x1E81,0x1E82,0x1E83,0x1E84,0x1E85,0x1E86,0x1E87,0x1E88,
  0x1E89,0x1E8A,0x1E8B,0x1E8C,0x1E8D,0x1E8E,0x1E8F,0x1E90,0x1E91,0x1E92,0x1E93,0x1E94,
  0x1E95,0x1E96,0x1E97,0x1E98,0x1E99,0x1E9B,0x1EA0,0x1EA1,0x1EA2,0x1EA3,0x1EA4,0x1EA5,
  0x1EA6,0x1EA7,0x1EA8,0x1EA9,0x1EAA,0x1EAB,0x1EAC,0x1EAD,0x1EAE,0x1EAF,0x1EB0,0x1EB1,
  0x1EB2,0x1EB3,0x1EB4,0x1EB5,0x1EB6,0x1EB7,0x1EB8,0x1EB9,0x1EBA,0x1EBB,0x1EBC,0x1EBD,
  0x1EBE,0x1EBF,0x1EC0,0x1EC1,0x1EC2,0x1EC3,0x1EC4,0x1EC5,0x1EC6,0x1EC7,0x1EC8,0x1EC9,
  0x1ECA,0x1ECB,0x1ECC,0x1ECD,0x1ECE,0x1ECF,0x1ED0,0x1ED1,0x1ED2,0x1ED3,0x1ED4,0x1ED5,
  0x1ED6,0x1ED7,0x1ED8,0x1ED9,0x1EDA,0x1EDB,0x1EDC,0x1EDD,0x1EDE,0x1EDF,0x1EE0,0x1EE1,
  0x1EE2,0x1EE3,0x1EE4,0x1EE5,0x1EE6,0x1EE7,0x1EE8,0x1EE9,0x1EEA,0x1EEB,0x1EEC,0x1EED,
  0x1EEE,0x1EEF,0x1EF0,0x1EF1,0x1EF2,0x1EF3,0x1EF4,0x1EF5,0x1EF6,0x1EF7,0x1EF8,0x1EF9,
  0x1F00,0x1F01,0x1F02,0x1F03,0x1F04,0x1F05,0x1F06,0x1F07,0x1F08,0x1F09,0x1F0A,0x1F0B,
  0x1F0C,0x1F0D,0x1F0E,0x1F0F,0x1F10,0x1F11,0x1F12,0x1F13,0x1F14,0x1F15,0x1F18,0x1F19,
  0x1F1A,0x1F1B,0x1F1C,0x1F1D,0x1F20,0x1F21,0x1F22,0x1F23,0x1F24,0x1F25,0x1F26,0x1F27,
  0x1F28,0x1F29,0x1F2A,0x1F2B,0x1F2C,0x1F2D,0x1F2E,0x1F2F,0x1F30,0x1F31,0x1F32,0x1F33,
  0x1F34,0x1F35,0x1F36,0x1F37,0x1F38,0x1F39,0x1F3A,0x1F3B,0x1F3C,0x1F3D,0x1F3E,0x1F3F,
  0x1F40,0x1F41,0x1F42,0x1F43,0x1F44,0x1F45,0x1F48,0x1F49,0x1F4A,0x1F4B,0x1F4C,0x1F4D,
  0x1F50,0x1F51,0x1F52,0x1F53,0x1F54,0x1F55,0x1F56,0x1F57,0x1F59,0x1F5B,0x1F5D,0x1F5F,
  0x1F60,0x1F61,0x1F62,0x1F63,0x1F64,0x1F65,0x1F66,0x1F67,0x1F68,0x1F69,0x1F6A,0x1F6B,
  0x1F6C,0x1F6D,0x1F6E,0x1F6F,0x1F70,0x1F71,0x1F72,0x1F73,0x1F74,0x1F75,0x1F76,0x1F77,
  0x1F78,0x1F79,0x1F7A,0x1F7B,0x1F7C,0x1F7D,0x1F80,0x1F81,0x1F82,0x1F83,0x1F84,0x1F85,
  0x1F86,0x1F87,0x1F88,0x1F89,0x1F8A,0x1F8B,0x1F8C,0x1F8D,0x1F8E,0x1F8F,0x1F90,0x1F91,
  0x1F92,0x1F93,0x1F94,0x1F95,0x1F96,0x1F97,0x1F98,0x1F99,0x1F9A,0x1F9B,0x1F9C,0x1F9D,
  0x1F9E,0x1F9F,0x1FA0,0x1FA1,0x1FA2,0x1FA3,0x1FA4,0x1FA5,0x1FA6,0x1FA7,0x1FA8,0x1FA9,
  0x1FAA,0x1FAB,0x1FAC,0x1FAD,0x1FAE,0x1FAF,0x1FB0,0x1FB1,0x1FB2,0x1FB3,0x1FB4,0x1FB6,
  0x1FB7,0x1FB8,0x1FB9,0x1FBA,0x1FBB,0x1FBC,0x1FBE,0x1FC1,0x1FC2,0x1FC3,0x1FC4,0x1FC6,
  0x1FC7,0x1FC8,0x1FC9,0x1FCA,0x1FCB,0x1FCC,0x1FCD,0x1FCE,0x1FCF,0x1FD0,0x1FD1,0x1FD2,
  0x1FD3,0x1FD6,0x1FD7,0x1FD8,0x1FD9,0x1FDA,0x1FDB,0x1FDD,0x1FDE,0x1FDF,0x1FE0,0x1FE1,
  0x1FE2,0x1FE3,0x1FE4,0x1FE5,0x1FE6,0x1FE7,0x1FE8,0x1FE9,0x1FEA,0x1FEB,0x1FEC,0x1FED,
  0x1FEE,0x1FEF,0x1FF2,0x1FF3,0x1FF4,0x1FF6,0x1FF7,0x1FF8,0x1FF9,0x1FFA,0x1FFB,0x1FFC,
  0x1FFD,0x2000,0x2001,0x2126,0x212A,0x212B,0x219A,0x219B,0x21AE,0x21CD,0x21CE,0x21CF,
  0x2204,0x2209,0x220C,0x2224,0x2226,0x2241,0x2244,0x2247,0x2249,0x2260,0x2262,0x226D,
  0x226E,0x226F,0x2270,0x2271,0x2274,0x2275,0x2278,0x2279,0x2280,0x2281,0x2284,0x2285,
  0x2288,0x2289,0x22AC,0x22AD,0x22AE,0x22AF,0x22E0,0x22E1,0x22E2,0x22E3,0x22EA,0x22EB,
  0x22EC,0x22ED,0x2329,0x232A,0x2ADC,0x304C,0x304E,0x3050,0x3052,0x3054,0x3056,0x3058,
  0x305A,0x305C,0x305E,0x3060,0x3062,0x3065,0x3067,0x3069,0x3070,0x3071,0x3073,0x3074,
  0x3076,0x3077,0x3079,0x307A,0x307C,0x307D,0x3094,0x309E,0x30AC,0x30AE,0x30B0,0x30B2,
  0x30B4,0x30B6,0x30B8,0x30BA,0x30BC,0x30BE,0x30C0,0x30C2,0x30C5,0x30C7,0x30C9,0x30D0,
  0x30D1,0x30D3,0x30D4,0x30D6,0x30D7,0x30D9,0x30DA,0x30DC,0x30DD,0x30F4,0x30F7,0x30F8,
  0x30F9,0x30FA,0x30FE,0xF900,0xF901,0xF902,0xF903,0xF904,0xF905,0xF906,0xF907,0xF908,
  0xF909,0xF90A,0xF90B,0xF90C,0xF90D,0xF90E,0xF90F,0xF910,0xF911,0xF912,0xF913,0xF914,
  0xF915,0xF916,0xF917,0xF918,0xF919,0xF91A,0xF91B,0xF91C,0xF91D,0xF91E,0xF91F,0xF920,
  0xF921,0xF922,0xF923,0xF924,0xF925,0xF926,0xF927,0xF928,0xF929,0xF92A,0xF92B,0xF92C,
  0xF92D,0xF92E,0xF92F,0xF930,0xF931,0xF932,0xF933,0xF934,0xF935,0xF936,0xF937,0xF938,
  0xF939,0xF93A,0xF93B,0xF93C,0xF93D,0xF93E,0xF93F,0xF940,0xF941,0xF942,0xF943,0xF944,
  0xF945,0xF946,0xF947,0xF948,0xF949,0xF94A,0xF94B,0xF94C,0xF94D,0xF94E,0xF94F,0xF950,
  0xF951,0xF952,0xF953,0xF954,0xF955,0xF956,0xF957,0xF958,0xF959,0xF95A,0xF95B,0xF95C,
  0xF95D,0xF95E,0xF95F,0xF960,0xF961,0xF962,0xF963,0xF964,0xF965,0xF966,0xF967,0xF968,
  0xF969,0xF96A,0xF96B,0xF96C,0xF96D,0xF96E,0xF96F,0xF970,0xF971,0xF972,0xF973,0xF974,
  0xF975,0xF976,0xF977,0xF978,0xF979,0xF97A,0xF97B,0xF97C,0xF97D,0xF97E,0xF97F,0xF980,
  0xF981,0xF982,0xF983,0xF984,0xF985,0xF986,0xF987,0xF988,0xF989,0xF98A,0xF98B,0xF98C,
  0xF98D,0xF98E,0xF98F,0xF990,0xF991,0xF992,0xF993,0xF994,0xF995,0xF996,0xF997,0xF998,
  0xF999,0xF99A,0xF99B,0xF99C,0xF99D,0xF99E,0xF99F,0xF9A0,0xF9A1,0xF9A2,0xF9A3,0xF9A4,
  0xF9A5,0xF9A6,0xF9A7,0xF9A8,0xF9A9,0xF9AA,0xF9AB,0xF9AC,0xF9AD,0xF9AE,0xF9AF,0xF9B0,
  0xF9B1,0xF9B2,0xF9B3,0xF9B4,0xF9B5,0xF9B6,0xF9B7,0xF9B8,0xF9B9,0xF9BA,0xF9BB,0xF9BC,
  0xF9BD,0xF9BE,0xF9BF,0xF9C0,0xF9C1,0xF9C2,0xF9C3,0xF9C4,0xF9C5,0xF9C6,0xF9C7,0xF9C8,
  0xF9C9,0xF9CA,0xF9CB,0xF9CC,0xF9CD,0xF9CE,0xF9CF,0xF9D0,0xF9D1,0xF9D2,0xF9D3,0xF9D4,
  0xF9D5,0xF9D6,0xF9D7,0xF9D8,0xF9D9,0xF9DA,0xF9DB,0xF9DC,0xF9DD,0xF9DE,0xF9DF,0xF9E0,
  0xF9E1,0xF9E2,0xF9E3,0xF9E4,0xF9E5,0xF9E6,0xF9E7,0xF9E8,0xF9E9,0xF9EA,0xF9EB,0xF9EC,
  0xF9ED,0xF9EE,0xF9EF,0xF9F0,0xF9F1,0xF9F2,0xF9F3,0xF9F4,0xF9F5,0xF9F6,0xF9F7,0xF9F8,
  0xF9F9,0xF9FA,0xF9FB,0xF9FC,0xF9FD,0xF9FE,0xF9FF,0xFA00,0xFA01,0xFA02,0xFA03,0xFA04,
  0xFA05,0xFA06,0xFA07,0xFA08,0xFA09,0xFA0A,0xFA0B,0xFA0C,0xFA0D,0xFA10,0xFA12,0xFA15,
  0xFA16,0xFA17,0xFA18,0xFA19,0xFA1A,0xFA1B,0xFA1C,0xFA1D,0xFA1E,0xFA20,0xFA22,0xFA25,
  0xFA26,0xFA2A,0xFA2B,0xFA2C,0xFA2D,0xFA2E,0xFA2F,0xFA30,0xFA31,0xFA32,0xFA33,0xFA34,
  0xFA35,0xFA36,0xFA37,0xFA38,0xFA39,0xFA3A,0xFA3B,0xFA3C,0xFA3D,0xFA3E,0xFA3F,0xFA40,
  0xFA41,0xFA42,0xFA43,0xFA44,0xFA45,0xFA46,0xFA47,0xFA48,0xFA49,0xFA4A,0xFA4B,0xFA4C,
  0xFA4D,0xFA4E,0xFA4F,0xFA50,0xFA51,0xFA52,0xFA53,0xFA54,0xFA55,0xFA56,0xFA57,0xFA58,
  0xFA59,0xFA5A,0xFA5B,0xFA5C,0xFA5D,0xFA5E,0xFA5F,0xFA60,0xFA61,0xFA62,0xFA63,0xFA64,
  0xFA65,0xFA66,0xFA67,0xFA68,0xFA69,0xFA6A,0xFA6B,0xFA6C,0xFA6D,0xFA70,0xFA71,0xFA72,
  0xFA73,0xFA74,0xFA75,0xFA76,0xFA77,0xFA78,0xFA79,0xFA7A,0xFA7B,0xFA7C,0xFA7D,0xFA7E,
  0xFA7F,0xFA80,0xFA81,0xFA82,0xFA83,0xFA84,0xFA85,0xFA86,0xFA87,0xFA88,0xFA89,0xFA8A,
  0xFA8B,0xFA8C,0xFA8D,0xFA8E,0xFA8F,0xFA90,0xFA91,0xFA92,0xFA93,0xFA94,0xFA95,0xFA96,
  0xFA97,0xFA98,0xFA99,0xFA9A,0xFA9B,0xFA9C,0xFA9D,0xFA9E,0xFA9F,0xFAA0,0xFAA1,0xFAA2,
  0xFAA3,0xFAA4,0xFAA5,0xFAA6,0xFAA7,0xFAA8,0xFAA9,0xFAAA,0xFAAB,0xFAAC,0xFAAD,0xFAAE,
  0xFAAF,0xFAB0,0xFAB1,0xFAB2,0xFAB3,0xFAB4,0xFAB5,0xFAB6,0xFAB7,0xFAB8,0xFAB9,0xFABA,
  0xFABB,0xFABC,0xFABD,0xFABE,0xFABF,0xFAC0,0xFAC1,0xFAC2,0xFAC3,0xFAC4,0xFAC5,0xFAC6,
  0xFAC7,0xFAC8,0xFAC9,0xFACA,0xFACB,0xFACC,0xFACD,0xFACE,0xFACF,0xFAD0,0xFAD1,0xFAD2,
  0xFAD3,0xFAD4,0xFAD5,0xFAD6,0xFAD7,0xFAD8,0xFAD9,0xFB1D,0xFB1F,0xFB2A,0xFB2B,0xFB2C,
  0xFB2D,0xFB2E,0xFB2F,0xFB30,0xFB31,0xFB32,0xFB33,0xFB34,0xFB35,0xFB36,0xFB38,0xFB39,
  0xFB3A,0xFB3B,0xFB3C,0xFB3E,0xFB40,0xFB41,0xFB43,0xFB44,0xFB46,0xFB47,0xFB48,0xFB49,
  0xFB4A,0xFB4B,0xFB4C,0xFB4D,0xFB4E,0x105C9,0x105E4,0x1109A,0x1109C,0x110AB,0x1112E,0x1112F,
  0x1134B,0x1134C,0x11383,0x11385,0x1138E,0x11391,0x113C5,0x113C7,0x113C8,0x114BB,0x114BC,0x114BE,
  0x115BA,0x115BB,0x11938,0x16121,0x16122,0x16123,0x16124,0x16125,0x16126,0x16127,0x16128,0x16D68,
  0x16D69,0x16D6A,0x1D15E,0x1D15F,0x1D160,0x1D161,0x1D162,0x1D163,0x1D164,0x1D1BB,0x1D1BC,0x1D1BD,
  0x1D1BE,0x1D1BF,0x1D1C0,0x2F800,0x2F801,0x2F802,0x2F803,0x2F804,0x2F805,0x2F806,0x2F807,0x2F808,
  0x2F809,0x2F80A,0x2F80B,0x2F80C,0x2F80D,0x2F80E,0x2F80F,0x2F810,0x2F811,0x2F812,0x2F813,0x2F814,
  0x2F815,0x2F816,0x2F817,0x2F818,0x2F819,0x2F81A,0x2F81B,0x2F81C,0x2F81D,0x2F81E,0x2F81F,0x2F820,
  0x2F821,0x2F822,0x2F823,0x2F824,0x2F825,0x2F826,0x2F827,0x2F828,0x2F829,0x2F82A,0x2F82B,0x2F82C,
  0x2F82D,0x2F82E,0x2F82F,0x2F830,0x2F831,0x2F832,0x2F833,0x2F834,0x2F835,0x2F836,0x2F837,0x2F838,
  0x2F839,0x2F83A,0x2F83B,0x2F83C,0x2F83D,0x2F83E,0x2F83F,0x2F840,0x2F841,0x2F842,0x2F843,0x2F844,
  0x2F845,0x2F846,0x2F847,0x2F848,0x2F849,0x2F84A,0x2F84B,0x2F84C,0x2F84D,0x2F84E,0x2F84F,0x2F850,
  0x2F851,0x2F852,0x2F853,0x2F854,0x2F855,0x2F856,0x2F857,0x2F858,0x2F859,0x2F85A,0x2F85B,0x2F85C,
  0x2F85D,0x2F85E,0x2F85F,0x2F860,0x2F861,0x2F862,0x2F863,0x2F864,0x2F865,0x2F866,0x2F867,0x2F868,
  0x2F869,0x2F86A,0x2F86B,0x2F86C,0x2F86D,0x2F86E,0x2F86F,0x2F870,0x2F871,0x2F872,0x2F873,0x2F874,
  0x2F875,0x2F876,0x2F877,0x2F878,0x2F879,0x2F87A,0x2F87B,0x2F87C,0x2F87D,0x2F87E,0x2F87F,0x2F880,
  0x2F881,0x2F882,0x2F883,0x2F884,0x2F885,0x2F886,0x2F887,0x2F888,0x2F889,0x2F88A,0x2F88B,0x2F88C,
  0x2F88D,0x2F88E,0x2F88F,0x2F890,0x2F891,0x2F892,0x2F893,0x2F894,0x2F895,0x2F896,0x2F897,0x2F898,
  0x2F899,0x2F89A,0x2F89B,0x2F89C,0x2F89D,0x2F89E,0x2F89F,0x2F8A0,0x2F8A1,0x2F8A2,0x2F8A3,0x2F8A4,
  0x2F8A5,0x2F8A6,0x2F8A7,0x2F8A8,0x2F8A9,0x2F8AA,0x2F8AB,0x2F8AC,0x2F8AD,0x2F8AE,0x2F8AF,0x2F8B0,
  0x2F8B1,0x2F8B2,0x2F8B3,0x2F8B4,0x2F8B5,0x2F8B6,0x2F8B7,0x2F8B8,0x2F8B9,0x2F8BA,0x2F8BB,0x2F8BC,
  0x2F8BD,0x2F8BE,0x2F8BF,0x2F8C0,0x2F8C1,0x2F8C2,0x2F8C3,0x2F8C4,0x2F8C5,0x2F8C6,0x2F8C7,0x2F8C8,
  0x2F8C9,0x2F8CA,0x2F8CB,0x2F8CC,0x2F8CD,0x2F8CE,0x2F8CF,0x2F8D0,0x2F8D1,0x2F8D2,0x2F8D3,0x2F8D4,
  0x2F8D5,0x2F8D6,0x2F8D7,0x2F8D8,0x2F8D9,0x2F8DA,0x2F8DB,0x2F8DC,0x2F8DD,0x2F8DE,0x2F8DF,0x2F8E0,
  0x2F8E1,0x2F8E2,0x2F8E3,0x2F8E4,0x2F8E5,0x2F8E6,0x2F8E7,0x2F8E8,0x2F8E9,0x2F8EA,0x2F8EB,0x2F8EC,
  0x2F8ED,0x2F8EE,0x2F8EF,0x2F8F0,0x2F8F1,0x2F8F2,0x2F8F3,0x2F8F4,0x2F8F5,0x2F8F6,0x2F8F7,0x2F8F8,
  0x2F8F9,0x2F8FA,0x2F8FB,0x2F8FC,0x2F8FD,0x2F8FE,0x2F8FF,0x2F900,0x2F901,0x2F902,0x2F903,0x2F904,
  0x2F905,0x2F906,0x2F907,0x2F908,0x2F909,0x2F90A,0x2F90B,0x2F90C,0x2F90D,0x2F90E,0x2F90F,0x2F910,
  0x2F911,0x2F912,0x2F913,0x2F914,0x2F915,0x2F916,0x2F917,0x2F918,0x2F919,0x2F91A,0x2F91B,0x2F91C,
  0x2F91D,0x2F91E,0x2F91F,0x2F920,0x2F921,0x2F922,0x2F923,0x2F924,0x2F925,0x2F926,0x2F927,0x2F928,
  0x2F929,0x2F92A,0x2F92B,0x2F92C,0x2F92D,0x2F92E,0x2F92F,0x2F930,0x2F931,0x2F932,0x2F933,0x2F934,
  0x2F935,0x2F936,0x2F937,0x2F938,0x2F939,0x2F93A,0x2F93B,0x2F93C,0x2F93D,0x2F93E,0x2F93F,0x2F940,
  0x2F941,0x2F942,0x2F943,0x2F944,0x2F945,0x2F946,0x2F947,0x2F948,0x2F949,0x2F94A,0x2F94B,0x2F94C,
  0x2F94D,0x2F94E,0x2F94F,0x2F950,0x2F951,0x2F952,0x2F953,0x2F954,0x2F955,0x2F956,0x2F957,0x2F958,
  0x2F959,0x2F95A,0x2F95B,0x2F95C,0x2F95D,0x2F95E,0x2F95F,0x2F960,0x2F961,0x2F962,0x2F963,0x2F964,
  0x2F965,0x2F966,0x2F967,0x2F968,0x2F969,0x2F96A,0x2F96B,0x2F96C,0x2F96D,0x2F96E,0x2F96F,0x2F970,
  0x2F971,0x2F972,0x2F973,0x2F974,0x2F975,0x2F976,0x2F977,0x2F978,0x2F979,0x2F97A,0x2F97B,0x2F97C,
  0x2F97D,0x2F97E,0x2F97F,0x2F980,0x2F981,0x2F982,0x2F983,0x2F984,0x2F985,0x2F986,0x2F987,0x2F988,
  0x2F989,0x2F98A,0x2F98B,0x2F98C,0x2F98D,0x2F98E,0x2F98F,0x2F990,0x2F991,0x2F992,0x2F993,0x2F994,
  0x2F995,0x2F996,0x2F997,0x2F998,0x2F999,0x2F99A,0x2F99B,0x2F99C,0x2F99D,0x2F99E,0x2F99F,0x2F9A0,
  0x2F9A1,0x2F9A2,0x2F9A3,0x2F9A4,0x2F9A5,0x2F9A6,0x2F9A7,0x2F9A8,0x2F9A9,0x2F9AA,0x2F9AB,0x2F9AC,
  0x2F9AD,0x2F9AE,0x2F9AF,0x2F9B0,0x2F9B1,0x2F9B2,0x2F9B3,0x2F9B4,0x2F9B5,0x2F9B6,0x2F9B7,0x2F9B8,
  0x2F9B9,0x2F9BA,0x2F9BB,0x2F9BC,0x2F9BD,0x2F9BE,0x2F9BF,0x2F9C0,0x2F9C1,0x2F9C2,0x2F9C3,0x2F9C4,
  0x2F9C5,0x2F9C6,0x2F9C7,0x2F9C8,0x2F9C9,0x2F9CA,0x2F9CB,0x2F9CC,0x2F9CD,0x2F9CE,0x2F9CF,0x2F9D0,
  0x2F9D1,0x2F9D2,0x2F9D3,0x2F9D4,0x2F9D5,0x2F9D6,0x2F9D7,0x2F9D8,0x2F9D9,0x2F9DA,0x2F9DB,0x2F9DC,
  0x2F9DD,0x2F9DE,0x2F9DF,0x2F9E0,0x2F9E1,0x2F9E2,0x2F9E3,0x2F9E4,0x2F9E5,0x2F9E6,0x2F9E7,0x2F9E8,
  0x2F9E9,0x2F9EA,0x2F9EB,0x2F9EC,0x2F9ED,0x2F9EE,0x2F9EF,0x2F9F0,0x2F9F1,0x2F9F2,0x2F9F3,0x2F9F4,
  0x2F9F5,0x2F9F6,0x2F9F7,0x2F9F8,0x2F9F9,0x2F9FA,0x2F9FB,0x2F9FC,0x2F9FD,0x2F9FE,0x2F9FF,0x2FA00,
  0x2FA01,0x2FA02,0x2FA03,0x2FA04,0x2FA05,0x2FA06,0x2FA07,0x2FA08,0x2FA09,0x2FA0A,0x2FA0B,0x2FA0C,
  0x2FA0D,0x2FA0E,0x2FA0F,0x2FA10,0x2FA11,0x2FA12,0x2FA13,0x2FA14,0x2FA15,0x2FA16,0x2FA17,0x2FA18,
  0x2FA19,0x2FA1A,0x2FA1B,0x2FA1C,0x2FA1D,
};

constexpr uint32_t kDecompOff[2081] = {
  0x2,0x12,0x22,0x32,0x42,0x52,0x62,0x72,0x82,0x92,0xA2,0xB2,
  0xC2,0xD2,0xE2,0xF2,0x102,0x112,0x122,0x132,0x142,0x152,0x162,0x172,
  0x182,0x192,0x1A2,0x1B2,0x1C2,0x1D2,0x1E2,0x1F2,0x202,0x212,0x222,0x232,
  0x242,0x252,0x262,0x272,0x282,0x292,0x2A2,0x2B2,0x2C2,0x2D2,0x2E2,0x2F2,
  0x302,0x312,0x322,0x332,0x342,0x352,0x362,0x372,0x382,0x392,0x3A2,0x3B2,
  0x3C2,0x3D2,0x3E2,0x3F2,0x402,0x412,0x422,0x432,0x442,0x452,0x462,0x472,
  0x482,0x492,0x4A2,0x4B2,0x4C2,0x4D2,0x4E2,0x4F2,0x502,0x512,0x522,0x532,
  0x542,0x552,0x562,0x572,0x582,0x592,0x5A2,0x5B2,0x5C2,0x5D2,0x5E2,0x5F2,
  0x602,0x612,0x622,0x632,0x642,0x652,0x662,0x672,0x682,0x692,0x6A2,0x6B2,
  0x6C2,0x6D2,0x6E2,0x6F2,0x702,0x712,0x722,0x732,0x742,0x752,0x762,0x772,
  0x782,0x792,0x7A2,0x7B2,0x7C2,0x7D2,0x7E2,0x7F2,0x802,0x812,0x822,0x832,
  0x842,0x852,0x862,0x872,0x882,0x892,0x8A2,0x8B2,0x8C2,0x8D2,0x8E2,0x8F2,
  0x902,0x912,0x922,0x932,0x942,0x952,0x962,0x972,0x982,0x992,0x9A2,0x9B2,
  0x9C2,0x9D2,0x9E2,0x9F2,0xA02,0xA12,0xA22,0xA32,0xA42,0xA52,0xA62,0xA72,
  0xA82,0xA92,0xAA2,0xAB2,0xAC2,0xAD3,0xAEB,0xB03,0xB1B,0xB33,0xB4B,0xB63,
  0xB7B,0xB93,0xBAB,0xBC3,0xBDB,0xBF2,0xC02,0xC12,0xC22,0xC32,0xC42,0xC52,
  0xC62,0xC73,0xC8B,0xCA2,0xCB2,0xCC2,0xCD2,0xCE2,0xCF2,0xD02,0xD13,0xD2B,
  0xD42,0xD52,0xD62,0xD72,0xD82,0xD92,0xDA2,0xDB2,0xDC2,0xDD2,0xDE2,0xDF2,
  0xE02,0xE12,0xE22,0xE32,0xE42,0xE52,0xE62,0xE72,0xE82,0xE92,0xEA2,0xEB2,
  0xEC2,0xED2,0xEE2,0xEF2,0xF02,0xF12,0xF22,0xF32,0xF42,0xF52,0xF62,0xF72,
  0xF82,0xF92,0xFA3,0xFBB,0xFD3,0xFEB,0x1002,0x1012,0x1023,0x103B,0x1052,0x1062,
  0x1071,0x1079,0x1081,0x108A,0x1099,0x10A1,0x10AA,0x10BA,0x10C9,0x10D2,0x10E2,0x10F2,
  0x1102,0x1112,0x1122,0x1133,0x114A,0x115A,0x116A,0x117A,0x118A,0x119A,0x11AB,0x11C2,
  0x11D2,0x11E2,0x11F2,0x1202,0x1212,0x1222,0x1232,0x1242,0x1252,0x1262,0x1272,0x1282,
  0x1292,0x12A2,0x12B2,0x12C2,0x12D2,0x12E2,0x12F2,0x1302,0x1312,0x1322,0x1332,0x1342,
  0x1352,0x1362,0x1372,0x1382,0x1392,0x13A2,0x13B2,0x13C2,0x13D2,0x13E2,0x13F2,0x1402,
  0x1412,0x1422,0x1432,0x1442,0x1452,0x1462,0x1472,0x1482,0x1492,0x14A2,0x14B2,0x14C2,
  0x14D2,0x14E2,0x14F2,0x1502,0x1512,0x1522,0x1532,0x1542,0x1552,0x1562,0x1572,0x1582,
  0x1592,0x15A2,0x15B2,0x15C2,0x15D2,0x15E2,0x15F2,0x1602,0x1612,0x1622,0x1632,0x1642,
  0x1652,0x1662,0x1672,0x1682,0x1692,0x16A2,0x16B2,0x16C2,0x16D2,0x16E2,0x16F2,0x1702,
  0x1712,0x1722,0x1732,0x1742,0x1752,0x1762,0x1772,0x1782,0x1792,0x17A2,0x17B2,0x17C2,
  0x17D2,0x17E2,0x17F2,0x1802,0x1812,0x1822,0x1833,0x184A,0x185A,0x186A,0x187A,0x188A,
  0x189B,0x18B2,0x18C2,0x18D2,0x18E2,0x18F2,0x1902,0x1912,0x1922,0x1932,0x1942,0x1952,
  0x1962,0x1972,0x1982,0x1992,0x19A2,0x19B2,0x19C2,0x19D2,0x19E2,0x19F2,0x1A02,0x1A12,
  0x1A22,0x1A32,0x1A42,0x1A52,0x1A62,0x1A72,0x1A82,0x1A92,0x1AA2,0x1AB2,0x1AC2,0x1AD2,
  0x1AE2,0x1AF2,0x1B02,0x1B13,0x1B2B,0x1B42,0x1B52,0x1B62,0x1B72,0x1B82,0x1B92,0x1BA2,
  0x1BB2,0x1BC2,0x1BD2,0x1BE3,0x1BFB,0x1C13,0x1C2B,0x1C42,0x1C52,0x1C62,0x1C72,0x1C83,
  0x1C9B,0x1CB2,0x1CC2,0x1CD2,0x1CE2,0x1CF2,0x1D02,0x1D12,0x1D22,0x1D32,0x1D42,0x1D52,
  0x1D62,0x1D72,0x1D82,0x1D92,0x1DA2,0x1DB3,0x1DCB,0x1DE2,0x1DF2,0x1E02,0x1E12,0x1E22,
  0x1E32,0x1E42,0x1E52,0x1E63,0x1E7B,0x1E92,0x1EA2,0x1EB2,0x1EC2,0x1ED2,0x1EE2,0x1EF2,
  0x1F02,0x1F12,0x1F22,0x1F32,0x1F42,0x1F52,0x1F62,0x1F72,0x1F82,0x1F92,0x1FA2,0x1FB3,
  0x1FCB,0x1FE3,0x1FFB,0x2013,0x202B,0x2043,0x205B,0x2072,0x2082,0x2092,0x20A2,0x20B2,
  0x20C2,0x20D2,0x20E2,0x20F3,0x210B,0x2122,0x2132,0x2142,0x2152,0x2162,0x2172,0x2183,
  0x219B,0x21B3,0x21CB,0x21E3,0x21FB,0x2212,0x2222,0x2232,0x2242,0x2252,0x2262,0x2272,
  0x2282,0x2292,0x22A2,0x22B2,0x22C2,0x22D2,0x22E2,0x22F3,0x230B,0x2323,0x233B,0x2352,
  0x2362,0x2372,0x2382,0x2392,0x23A2,0x23B2,0x23C2,0x23D2,0x23E2,0x23F2,0x2402,0x2412,
  0x2422,0x2432,0x2442,0x2452,0x2462,0x2472,0x2482,0x2492,0x24A2,0x24B2,0x24C2,0x24D2,
  0x24E2,0x24F2,0x2502,0x2512,0x2522,0x2532,0x2542,0x2552,0x2562,0x2572,0x2583,0x259B,
  0x25B3,0x25CB,0x25E3,0x25FB,0x2613,0x262B,0x2643,0x265B,0x2673,0x268B,0x26A3,0x26BB,
  0x26D3,0x26EB,0x2703,0x271B,0x2733,0x274B,0x2762,0x2772,0x2782,0x2792,0x27A2,0x27B2,
  0x27C3,0x27DB,0x27F3,0x280B,0x2823,0x283B,0x2853,0x286B,0x2883,0x289B,0x28B2,0x28C2,
  0x28D2,0x28E2,0x28F2,0x2902,0x2912,0x2922,0x2933,0x294B,0x2963,0x297B,0x2993,0x29AB,
  0x29C3,0x29DB,0x29F3,0x2A0B,0x2A23,0x2A3B,0x2A53,0x2A6B,0x2A83,0x2A9B,0x2AB3,0x2ACB,
  0x2AE3,0x2AFB,0x2B12,0x2B22,0x2B32,0x2B42,0x2B53,0x2B6B,0x2B83,0x2B9B,0x2BB3,0x2BCB,
  0x2BE3,0x2BFB,0x2C13,0x2C2B,0x2C42,0x2C52,0x2C62,0x2C72,0x2C82,0x2C92,0x2CA2,0x2CB2,
  0x2CC2,0x2CD2,0x2CE3,0x2CFB,0x2D13,0x2D2B,0x2D43,0x2D5B,0x2D72,0x2D82,0x2D93,0x2DAB,
  0x2DC3,0x2DDB,0x2DF3,0x2E0B,0x2E22,0x2E32,0x2E43,0x2E5B,0x2E73,0x2E8B,0x2EA2,0x2EB2,
  0x2EC3,0x2EDB,0x2EF3,0x2F0B,0x2F22,0x2F32,0x2F43,0x2F5B,0x2F73,0x2F8B,0x2FA3,0x2FBB,
  0x2FD2,0x2FE2,0x2FF3,0x300B,0x3023,0x303B,0x3053,0x306B,0x3082,0x3092,0x30A3,0x30BB,
  0x30D3,0x30EB,0x3103,0x311B,0x3132,0x3142,0x3153,0x316B,0x3183,0x319B,0x31B3,0x31CB,
  0x31E2,0x31F2,0x3203,0x321B,0x3233,0x324B,0x3262,0x3272,0x3283,0x329B,0x32B3,0x32CB,
  0x32E2,0x32F2,0x3303,0x331B,0x3333,0x334B,0x3363,0x337B,0x3392,0x33A3,0x33BB,0x33D3,
  0x33EA,0x33FA,0x340B,0x3423,0x343B,0x3453,0x346B,0x3483,0x349A,0x34AA,0x34BB,0x34D3,
  0x34EB,0x3503,0x351B,0x3533,0x354A,0x355A,0x356A,0x357A,0x358A,0x359A,0x35AA,0x35BA,
  0x35CA,0x35DA,0x35EA,0x35FA,0x360A,0x361A,0x362B,0x3643,0x365C,0x367C,0x369C,0x36BC,
  0x36DC,0x36FC,0x371B,0x3733,0x374C,0x376C,0x378C,0x37AC,0x37CC,0x37EC,0x380B,0x3823,
  0x383C,0x385C,0x387C,0x389C,0x38BC,0x38DC,0x38FB,0x3913,0x392C,0x394C,0x396C,0x398C,
  0x39AC,0x39CC,0x39EB,0x3A03,0x3A1C,0x3A3C,0x3A5C,0x3A7C,0x3A9C,0x3ABC,0x3ADB,0x3AF3,
  0x3B0C,0x3B2C,0x3B4C,0x3B6C,0x3B8C,0x3BAC,0x3BCA,0x3BDA,0x3BEB,0x3C02,0x3C13,0x3C2A,
  0x3C3B,0x3C52,0x3C62,0x3C72,0x3C82,0x3C92,0x3CA1,0x3CAA,0x3CBB,0x3CD2,0x3CE3,0x3CFA,
  0x3D0B,0x3D22,0x3D32,0x3D42,0x3D52,0x3D62,0x3D72,0x3D82,0x3D92,0x3DA2,0x3DB2,0x3DC3,
  0x3DDB,0x3DF2,0x3E03,0x3E1A,0x3E2A,0x3E3A,0x3E4A,0x3E5A,0x3E6A,0x3E7A,0x3E8A,0x3E9A,
  0x3EAB,0x3EC3,0x3EDA,0x3EEA,0x3EFA,0x3F0B,0x3F22,0x3F32,0x3F42,0x3F52,0x3F62,0x3F72,
  0x3F82,0x3F91,0x3F9B,0x3FB2,0x3FC3,0x3FDA,0x3FEB,0x4002,0x4012,0x4022,0x4032,0x4042,
  0x4051,0x4059,0x4061,0x4069,0x4071,0x407A,0x408A,0x409A,0x40AA,0x40BA,0x40CA,0x40DA,
  0x40EA,0x40FA,0x410A,0x411A,0x412A,0x413A,0x414A,0x415A,0x416A,0x417A,0x418A,0x419A,
  0x41AA,0x41BA,0x41CA,0x41DA,0x41EA,0x41FA,0x420A,0x421A,0x422A,0x423A,0x424A,0x425A,
  0x426A,0x427A,0x428A,0x429A,0x42AA,0x42BA,0x42CA,0x42DA,0x42EA,0x42FA,0x430A,0x431A,
  0x432A,0x433A,0x4349,0x4351,0x435A,0x436A,0x437A,0x438A,0x439A,0x43AA,0x43BA,0x43CA,
  0x43DA,0x43EA,0x43FA,0x440A,0x441A,0x442A,0x443A,0x444A,0x445A,0x446A,0x447A,0x448A,
  0x449A,0x44AA,0x44BA,0x44CA,0x44DA,0x44EA,0x44FA,0x450A,0x451A,0x452A,0x453A,0x454A,
  0x455A,0x456A,0x457A,0x458A,0x459A,0x45AA,0x45BA,0x45CA,0x45DA,0x45EA,0x45FA,0x460A,
  0x461A,0x462A,0x463A,0x464A,0x465A,0x466A,0x467A,0x468A,0x469A,0x46AA,0x46BA,0x46CA,
  0x46DA,0x46EA,0x46FA,0x4709,0x4711,0x4719,0x4721,0x4729,0x4731,0x4739,0x4741,0x4749,
  0x4751,0x4759,0x4761,0x4769,0x4771,0x4779,0x4781,0x4789,0x4791,0x4799,0x47A1,0x47A9,
  0x47B1,0x47B9,0x47C1,0x47C9,0x47D1,0x47D9,0x47E1,0x47E9,0x47F1,0x47F9,0x4801,0x4809,
  0x4811,0x4819,0x4821,0x4829,0x4831,0x4839,0x4841,0x4849,0x4851,0x4859,0x4861,0x4869,
  0x4871,0x4879,0x4881,0x4889,0x4891,0x4899,0x48A1,0x48A9,0x48B1,0x48B9,0x48C1,0x48C9,
  0x48D1,0x48D9,0x48E1,0x48E9,0x48F1,0x48F9,0x4901,0x4909,0x4911,0x4919,0x4921,0x4929,
  0x4931,0x4939,0x4941,0x4949,0x4951,0x4959,0x4961,0x4969,0x4971,0x4979,0x4981,0x4989,
  0x4991,0x4999,0x49A1,0x49A9,0x49B1,0x49B9,0x49C1,0x49C9,0x49D1,0x49D9,0x49E1,0x49E9,
  0x49F1,0x49F9,0x4A01,0x4A09,0x4A11,0x4A19,0x4A21,0x4A29,0x4A31,0x4A39,0x4A41,0x4A49,
  0x4A51,0x4A59,0x4A61,0x4A69,0x4A71,0x4A79,0x4A81,0x4A89,0x4A91,0x4A99,0x4AA1,0x4AA9,
  0x4AB1,0x4AB9,0x4AC1,0x4AC9,0x4AD1,0x4AD9,0x4AE1,0x4AE9,0x4AF1,0x4AF9,0x4B01,0x4B09,
  0x4B11,0x4B19,0x4B21,0x4B29,0x4B31,0x4B39,0x4B41,0x4B49,0x4B51,0x4B59,0x4B61,0x4B69,
  0x4B71,0x4B79,0x4B81,0x4B89,0x4B91,0x4B99,0x4BA1,0x4BA9,0x4BB1,0x4BB9,0x4BC1,0x4BC9,
  0x4BD1,0x4BD9,0x4BE1,0x4BE9,0x4BF1,0x4BF9,0x4C01,0x4C09,0x4C11,0x4C19,0x4C21,0x4C29,
  0x4C31,0x4C39,0x4C41,0x4C49,0x4C51,0x4C59,0x4C61,0x4C69,0x4C71,0x4C79,0x4C81,0x4C89,
  0x4C91,0x4C99,0x4CA1,0x4CA9,0x4CB1,0x4CB9,0x4CC1,0x4CC9,0x4CD1,0x4CD9,0x4CE1,0x4CE9,
  0x4CF1,0x4CF9,0x4D01,0x4D09,0x4D11,0x4D19,0x4D21,0x4D29,0x4D31,0x4D39,0x4D41,0x4D49,
  0x4D51,0x4D59,0x4D61,0x4D69,0x4D71,0x4D79,0x4D81,0x4D89,0x4D91,0x4D99,0x4DA1,0x4DA9,
  0x4DB1,0x4DB9,0x4DC1,0x4DC9,0x4DD1,0x4DD9,0x4DE1,0x4DE9,0x4DF1,0x4DF9,0x4E01,0x4E09,
  0x4E11,0x4E19,0x4E21,0x4E29,0x4E31,0x4E39,0x4E41,0x4E49,0x4E51,0x4E59,0x4E61,0x4E69,
  0x4E71,0x4E79,0x4E81,0x4E89,0x4E91,0x4E99,0x4EA1,0x4EA9,0x4EB1,0x4EB9,0x4EC1,0x4EC9,
  0x4ED1,0x4ED9,0x4EE1,0x4EE9,0x4EF1,0x4EF9,0x4F01,0x4F09,0x4F11,0x4F19,0x4F21,0x4F29,
  0x4F31,0x4F39,0x4F41,0x4F49,0x4F51,0x4F59,0x4F61,0x4F69,0x4F71,0x4F79,0x4F81,0x4F89,
  0x4F91,0x4F99,0x4FA1,0x4FA9,0x4FB1,0x4FB9,0x4FC1,0x4FC9,0x4FD1,0x4FD9,0x4FE1,0x4FE9,
  0x4FF1,0x4FF9,0x5001,0x5009,0x5011,0x5019,0x5021,0x5029,0x5031,0x5039,0x5041,0x5049,
  0x5051,0x5059,0x5061,0x5069,0x5071,0x5079,0x5081,0x5089,0x5091,0x5099,0x50A1,0x50A9,
  0x50B1,0x50B9,0x50C1,0x50C9,0x50D1,0x50D9,0x50E1,0x50E9,0x50F1,0x50F9,0x5101,0x5109,
  0x5111,0x5119,0x5121,0x5129,0x5131,0x5139,0x5141,0x5149,0x5151,0x5159,0x5161,0x5169,
  0x5171,0x5179,0x5181,0x5189,0x5191,0x5199,0x51A1,0x51A9,0x51B1,0x51B9,0x51C1,0x51C9,
  0x51D1,0x51D9,0x51E1,0x51E9,0x51F1,0x51F9,0x5201,0x5209,0x5211,0x5219,0x5221,0x5229,
  0x5231,0x5239,0x5241,0x5249,0x5251,0x5259,0x5261,0x5269,0x5271,0x5279,0x5281,0x5289,
  0x5291,0x5299,0x52A1,0x52A9,0x52B1,0x52B9,0x52C1,0x52C9,0x52D1,0x52D9,0x52E1,0x52E9,
  0x52F1,0x52F9,0x5301,0x5309,0x5311,0x5319,0x5321,0x5329,0x5331,0x5339,0x5341,0x5349,
  0x5351,0x5359,0x5361,0x5369,0x5371,0x5379,0x5381,0x5389,0x5391,0x5399,0x53A1,0x53A9,
  0x53B1,0x53B9,0x53C1,0x53C9,0x53D1,0x53D9,0x53E1,0x53E9,0x53F1,0x53F9,0x5401,0x5409,
  0x5411,0x5419,0x5421,0x5429,0x5431,0x5439,0x5441,0x5449,0x5451,0x5459,0x5461,0x5469,
  0x5471,0x5479,0x5481,0x5489,0x5491,0x5499,0x54A1,0x54A9,0x54B1,0x54B9,0x54C1,0x54C9,
  0x54D1,0x54D9,0x54E1,0x54E9,0x54F1,0x54F9,0x5501,0x5509,0x5511,0x5519,0x5521,0x5529,
  0x5531,0x5539,0x5541,0x5549,0x5551,0x5559,0x5561,0x556A,0x557A,0x558A,0x559A,0x55AB,
  0x55C3,0x55DA,0x55EA,0x55FA,0x560A,0x561A,0x562A,0x563A,0x564A,0x565A,0x566A,0x567A,
  0x568A,0x569A,0x56AA,0x56BA,0x56CA,0x56DA,0x56EA,0x56FA,0x570A,0x571A,0x572A,0x573A,
  0x574A,0x575A,0x576A,0x577A,0x578A,0x579A,0x57AA,0x57BA,0x57CA,0x57DA,0x57EA,0x57FA,
  0x580A,0x581A,0x582A,0x583A,0x584A,0x585A,0x586A,0x587A,0x588A,0x589A,0x58AA,0x58BA,
  0x58CA,0x58DA,0x58EA,0x58FA,0x590A,0x591A,0x592A,0x593A,0x594B,0x5963,0x597B,0x5992,
  0x59A2,0x59B3,0x59CA,0x59DA,0x59EB,0x5A03,0x5A1B,0x5A33,0x5A4B,0x5A62,0x5A72,0x5A83,
  0x5A9B,0x5AB3,0x5ACB,0x5AE1,0x5AE9,0x5AF1,0x5AF9,0x5B01,0x5B09,0x5B11,0x5B19,0x5B21,
  0x5B29,0x5B31,0x5B39,0x5B41,0x5B49,0x5B51,0x5B59,0x5B61,0x5B69,0x5B71,0x5B79,0x5B81,
  0x5B89,0x5B91,0x5B99,0x5BA1,0x5BA9,0x5BB1,0x5BB9,0x5BC1,0x5BC9,0x5BD1,0x5BD9,0x5BE1,
  0x5BE9,0x5BF1,0x5BF9,0x5C01,0x5C09,0x5C11,0x5C19,0x5C21,0x5C29,0x5C31,0x5C39,0x5C41,
  0x5C49,0x5C51,0x5C59,0x5C61,0x5C69,0x5C71,0x5C79,0x5C81,0x5C89,0x5C91,0x5C99,0x5CA1,
  0x5CA9,0x5CB1,0x5CB9,0x5CC1,0x5CC9,0x5CD1,0x5CD9,0x5CE1,0x5CE9,0x5CF1,0x5CF9,0x5D01,
  0x5D09,0x5D11,0x5D19,0x5D21,0x5D29,0x5D31,0x5D39,0x5D41,0x5D49,0x5D51,0x5D59,0x5D61,
  0x5D69,0x5D71,0x5D79,0x5D81,0x5D89,0x5D91,0x5D99,0x5DA1,0x5DA9,0x5DB1,0x5DB9,0x5DC1,
  0x5DC9,0x5DD1,0x5DD9,0x5DE1,0x5DE9,0x5DF1,0x5DF9,0x5E01,0x5E09,0x5E11,0x5E19,0x5E21,
  0x5E29,0x5E31,0x5E39,0x5E41,0x5E49,0x5E51,0x5E59,0x5E61,0x5E69,0x5E71,0x5E79,0x5E81,
  0x5E89,0x5E91,0x5E99,0x5EA1,0x5EA9,0x5EB1,0x5EB9,0x5EC1,0x5EC9,0x5ED1,0x5ED9,0x5EE1,
  0x5EE9,0x5EF1,0x5EF9,0x5F01,0x5F09,0x5F11,0x5F19,0x5F21,0x5F29,0x5F31,0x5F39,0x5F41,
  0x5F49,0x5F51,0x5F59,0x5F61,0x5F69,0x5F71,0x5F79,0x5F81,0x5F89,0x5F91,0x5F99,0x5FA1,
  0x5FA9,0x5FB1,0x5FB9,0x5FC1,0x5FC9,0x5FD1,0x5FD9,0x5FE1,0x5FE9,0x5FF1,0x5FF9,0x6001,
  0x6009,0x6011,0x6019,0x6021,0x6029,0x6031,0x6039,0x6041,0x6049,0x6051,0x6059,0x6061,
  0x6069,0x6071,0x6079,0x6081,0x6089,0x6091,0x6099,0x60A1,0x60A9,0x60B1,0x60B9,0x60C1,
  0x60C9,0x60D1,0x60D9,0x60E1,0x60E9,0x60F1,0x60F9,0x6101,0x6109,0x6111,0x6119,0x6121,
  0x6129,0x6131,0x6139,0x6141,0x6149,0x6151,0x6159,0x6161,0x6169,0x6171,0x6179,0x6181,
  0x6189,0x6191,0x6199,0x61A1,0x61A9,0x61B1,0x61B9,0x61C1,0x61C9,0x61D1,0x61D9,0x61E1,
  0x61E9,0x61F1,0x61F9,0x6201,0x6209,0x6211,0x6219,0x6221,0x6229,0x6231,0x6239,0x6241,
  0x6249,0x6251,0x6259,0x6261,0x6269,0x6271,0x6279,0x6281,0x6289,0x6291,0x6299,0x62A1,
  0x62A9,0x62B1,0x62B9,0x62C1,0x62C9,0x62D1,0x62D9,0x62E1,0x62E9,0x62F1,0x62F9,0x6301,
  0x6309,0x6311,0x6319,0x6321,0x6329,0x6331,0x6339,0x6341,0x6349,0x6351,0x6359,0x6361,
  0x6369,0x6371,0x6379,0x6381,0x6389,0x6391,0x6399,0x63A1,0x63A9,0x63B1,0x63B9,0x63C1,
  0x63C9,0x63D1,0x63D9,0x63E1,0x63E9,0x63F1,0x63F9,0x6401,0x6409,0x6411,0x6419,0x6421,
  0x6429,0x6431,0x6439,0x6441,0x6449,0x6451,0x6459,0x6461,0x6469,0x6471,0x6479,0x6481,
  0x6489,0x6491,0x6499,0x64A1,0x64A9,0x64B1,0x64B9,0x64C1,0x64C9,0x64D1,0x64D9,0x64E1,
  0x64E9,0x64F1,0x64F9,0x6501,0x6509,0x6511,0x6519,0x6521,0x6529,0x6531,0x6539,0x6541,
  0x6549,0x6551,0x6559,0x6561,0x6569,0x6571,0x6579,0x6581,0x6589,0x6591,0x6599,0x65A1,
  0x65A9,0x65B1,0x65B9,0x65C1,0x65C9,0x65D1,0x65D9,0x65E1,0x65E9,0x65F1,0x65F9,0x6601,
  0x6609,0x6611,0x6619,0x6621,0x6629,0x6631,0x6639,0x6641,0x6649,0x6651,0x6659,0x6661,
  0x6669,0x6671,0x6679,0x6681,0x6689,0x6691,0x6699,0x66A1,0x66A9,0x66B1,0x66B9,0x66C1,
  0x66C9,0x66D1,0x66D9,0x66E1,0x66E9,0x66F1,0x66F9,0x6701,0x6709,0x6711,0x6719,0x6721,
  0x6729,0x6731,0x6739,0x6741,0x6749,0x6751,0x6759,0x6761,0x6769,0x6771,0x6779,0x6781,
  0x6789,0x6791,0x6799,0x67A1,0x67A9,0x67B1,0x67B9,0x67C1,0x67C9,0x67D1,0x67D9,0x67E1,
  0x67E9,0x67F1,0x67F9,0x6801,0x6809,0x6811,0x6819,0x6821,0x6829,0x6831,0x6839,0x6841,
  0x6849,0x6851,0x6859,0x6861,0x6869,0x6871,0x6879,0x6881,0x6889,0x6891,0x6899,0x68A1,
  0x68A9,0x68B1,0x68B9,0x68C1,0x68C9,0x68D1,0x68D9,0x68E1,0x68E9,0x68F1,0x68F9,0x6901,
  0x6909,0x6911,0x6919,0x6921,0x6929,0x6931,0x6939,0x6941,0x6949,0x6951,0x6959,0x6961,
  0x6969,0x6971,0x6979,0x6981,0x6989,0x6991,0x6999,0x69A1,0x69A9,0x69B1,0x69B9,0x69C1,
  0x69C9,0x69D1,0x69D9,0x69E1,0x69E9,0x69F1,0x69F9,0x6A01,0x6A09,0x6A11,0x6A19,0x6A21,
  0x6A29,0x6A31,0x6A39,0x6A41,0x6A49,0x6A51,0x6A59,0x6A61,0x6A69,0x6A71,0x6A79,0x6A81,
  0x6A89,0x6A91,0x6A99,0x6AA1,0x6AA9,0x6AB1,0x6AB9,0x6AC1,0x6AC9,0x6AD1,0x6AD9,0x6AE1,
  0x6AE9,0x6AF1,0x6AF9,0x6B01,0x6B09,0x6B11,0x6B19,0x6B21,0x6B29,0x6B31,0x6B39,0x6B41,
  0x6B49,0x6B51,0x6B59,0x6B61,0x6B69,0x6B71,0x6B79,0x6B81,0x6B89,0x6B91,0x6B99,0x6BA1,
  0x6BA9,0x6BB1,0x6BB9,0x6BC1,0x6BC9,
};

constexpr uint32_t kDecompPool[3450] = {
  0x41,0x300,0x41,0x301,0x41,0x302,0x41,0x303,0x41,0x308,0x41,0x30A,
  0x43,0x327,0x45,0x300,0x45,0x301,0x45,0x302,0x45,0x308,0x49,0x300,
  0x49,0x301,0x49,0x302,0x49,0x308,0x4E,0x303,0x4F,0x300,0x4F,0x301,
  0x4F,0x302,0x4F,0x303,0x4F,0x308,0x55,0x300,0x55,0x301,0x55,0x302,
  0x55,0x308,0x59,0x301,0x61,0x300,0x61,0x301,0x61,0x302,0x61,0x303,
  0x61,0x308,0x61,0x30A,0x63,0x327,0x65,0x300,0x65,0x301,0x65,0x302,
  0x65,0x308,0x69,0x300,0x69,0x301,0x69,0x302,0x69,0x308,0x6E,0x303,
  0x6F,0x300,0x6F,0x301,0x6F,0x302,0x6F,0x303,0x6F,0x308,0x75,0x300,
  0x75,0x301,0x75,0x302,0x75,0x308,0x79,0x301,0x79,0x308,0x41,0x304,
  0x61,0x304,0x41,0x306,0x61,0x306,0x41,0x328,0x61,0x328,0x43,0x301,
  0x63,0x301,0x43,0x302,0x63,0x302,0x43,0x307,0x63,0x307,0x43,0x30C,
  0x63,0x30C,0x44,0x30C,0x64,0x30C,0x45,0x304,0x65,0x304,0x45,0x306,
  0x65,0x306,0x45,0x307,0x65,0x307,0x45,0x328,0x65,0x328,0x45,0x30C,
  0x65,0x30C,0x47,0x302,0x67,0x302,0x47,0x306,0x67,0x306,0x47,0x307,
  0x67,0x307,0x47,0x327,0x67,0x327,0x48,0x302,0x68,0x302,0x49,0x303,
  0x69,0x303,0x49,0x304,0x69,0x304,0x49,0x306,0x69,0x306,0x49,0x328,
  0x69,0x328,0x49,0x307,0x4A,0x302,0x6A,0x302,0x4B,0x327,0x6B,0x327,
  0x4C,0x301,0x6C,0x301,0x4C,0x327,0x6C,0x327,0x4C,0x30C,0x6C,0x30C,
  0x4E,0x301,0x6E,0x301,0x4E,0x327,0x6E,0x327,0x4E,0x30C,0x6E,0x30C,
  0x4F,0x304,0x6F,0x304,0x4F,0x306,0x6F,0x306,0x4F,0x30B,0x6F,0x30B,
  0x52,0x301,0x72,0x301,0x52,0x327,0x72,0x327,0x52,0x30C,0x72,0x30C,
  0x53,0x301,0x73,0x301,0x53,0x302,0x73,0x302,0x53,0x327,0x73,0x327,
  0x53,0x30C,0x73,0x30C,0x54,0x327,0x74,0x327,0x54,0x30C,0x74,0x30C,
  0x55,0x303,0x75,0x303,0x55,0x304,0x75,0x304,0x55,0x306,0x75,0x306,
  0x55,0x30A,0x75,0x30A,0x55,0x30B,0x75,0x30B,0x55,0x328,0x75,0x328,
  0x57,0x302,0x77,0x302,0x59,0x302,0x79,0x302,0x59,0x308,0x5A,0x301,
  0x7A,0x301,0x5A,0x307,0x7A,0x307,0x5A,0x30C,0x7A,0x30C,0x4F,0x31B,
  0x6F,0x31B,0x55,0x31B,0x75,0x31B,0x41,0x30C,0x61,0x30C,0x49,0x30C,
  0x69,0x30C,0x4F,0x30C,0x6F,0x30C,0x55,0x30C,0x75,0x30C,0x55,0x308,
  0x304,0x75,0x308,0x304,0x55,0x308,0x301,0x75,0x308,0x301,0x55,0x308,
  0x30C,0x75,0x308,0x30C,0x55,0x308,0x300,0x75,0x308,0x300,0x41,0x308,
  0x304,0x61,0x308,0x304,0x41,0x307,0x304,0x61,0x307,0x304,0xC6,0x304,
  0xE6,0x304,0x47,0x30C,0x67,0x30C,0x4B,0x30C,0x6B,0x30C,0x4F,0x328,
  0x6F,0x328,0x4F,0x328,0x304,0x6F,0x328,0x304,0x1B7,0x30C,0x292,0x30C,
  0x6A,0x30C,0x47,0x301,0x67,0x301,0x4E,0x300,0x6E,0x300,0x41,0x30A,
  0x301,0x61,0x30A,0x301,0xC6,0x301,0xE6,0x301,0xD8,0x301,0xF8,0x301,
  0x41,0x30F,0x61,0x30F,0x41,0x311,0x61,0x311,0x45,0x30F,0x65,0x30F,
  0x45,0x311,0x65,0x311,0x49,0x30F,0x69,0x30F,0x49,0x311,0x69,0x311,
  0x4F,0x30F,0x6F,0x30F,0x4F,0x311,0x6F,0x311,0x52,0x30F,0x72,0x30F,
  0x52,0x311,0x72,0x311,0x55,0x30F,0x75,0x30F,0x55,0x311,0x75,0x311,
  0x53,0x326,0x73,0x326,0x54,0x326,0x74,0x326,0x48,0x30C,0x68,0x30C,
  0x41,0x307,0x61,0x307,0x45,0x327,0x65,0x327,0x4F,0x308,0x304,0x6F,
  0x308,0x304,0x4F,0x303,0x304,0x6F,0x303,0x304,0x4F,0x307,0x6F,0x307,
  0x4F,0x307,0x304,0x6F,0x307,0x304,0x59,0x304,0x79,0x304,0x300,0x301,
  0x313,0x308,0x301,0x2B9,0x3B,0xA8,0x301,0x391,0x301,0xB7,0x395,0x301,
  0x397,0x301,0x399,0x301,0x39F,0x301,0x3A5,0x301,0x3A9,0x301,0x3B9,0x308,
  0x301,0x399,0x308,0x3A5,0x308,0x3B1,0x301,0x3B5,0x301,0x3B7,0x301,0x3B9,
  0x301,0x3C5,0x308,0x301,0x3B9,0x308,0x3C5,0x308,0x3BF,0x301,0x3C5,0x301,
  0x3C9,0x301,0x3D2,0x301,0x3D2,0x308,0x415,0x300,0x415,0x308,0x413,0x301,
  0x406,0x308,0x41A,0x301,0x418,0x300,0x423,0x306,0x418,0x306,0x438,0x306,
  0x435,0x300,0x435,0x308,0x433,0x301,0x456,0x308,0x43A,0x301,0x438,0x300,
  0x443,0x306,0x474,0x30F,0x475,0x30F,0x416,0x306,0x436,0x306,0x410,0x306,
  0x430,0x306,0x410,0x308,0x430,0x308,0x415,0x306,0x435,0x306,0x4D8,0x308,
  0x4D9,0x308,0x416,0x308,0x436,0x308,0x417,0x308,0x437,0x308,0x418,0x304,
  0x438,0x304,0x418,0x308,0x438,0x308,0x41E,0x308,0x43E,0x308,0x4E8,0x308,
  0x4E9,0x308,0x42D,0x308,0x44D,0x308,0x423,0x304,0x443,0x304,0x423,0x308,
  0x443,0x308,0x423,0x30B,0x443,0x30B,0x427,0x308,0x447,0x308,0x42B,0x308,
  0x44B,0x308,0x627,0x653,0x627,0x654,0x648,0x654,0x627,0x655,0x64A,0x654,
  0x6D5,0x654,0x6C1,0x654,0x6D2,0x654,0x928,0x93C,0x930,0x93C,0x933,0x93C,
  0x915,0x93C,0x916,0x93C,0x917,0x93C,0x91C,0x93C,0x921,0x93C,0x922,0x93C,
  0x92B,0x93C,0x92F,0x93C,0x9C7,0x9BE,0x9C7,0x9D7,0x9A1,0x9BC,0x9A2,0x9BC,
  0x9AF,0x9BC,0xA32,0xA3C,0xA38,0xA3C,0xA16,0xA3C,0xA17,0xA3C,0xA1C,0xA3C,
  0xA2B,0xA3C,0xB47,0xB56,0xB47,0xB3E,0xB47,0xB57,0xB21,0xB3C,0xB22,0xB3C,
  0xB92,0xBD7,0xBC6,0xBBE,0xBC7,0xBBE,0xBC6,0xBD7,0xC46,0xC56,0xCBF,0xCD5,
  0xCC6,0xCD5,0xCC6,0xCD6,0xCC6,0xCC2,0xCC6,0xCC2,0xCD5,0xD46,0xD3E,0xD47,
  0xD3E,0xD46,0xD57,0xDD9,0xDCA,0xDD9,0xDCF,0xDD9,0xDCF,0xDCA,0xDD9,0xDDF,
  0xF42,0xFB7,0xF4C,0xFB7,0xF51,0xFB7,0xF56,0xFB7,0xF5B,0xFB7,0xF40,0xFB5,
  0xF71,0xF72,0xF71,0xF74,0xFB2,0xF80,0xFB3,0xF80,0xF71,0xF80,0xF92,0xFB7,
  0xF9C,0xFB7,0xFA1,0xFB7,0xFA6,0xFB7,0xFAB,0xFB7,0xF90,0xFB5,0x1025,0x102E,
  0x1B05,0x1B35,0x1B07,0x1B35,0x1B09,0x1B35,0x1B0B,0x1B35,0x1B0D,0x1B35,0x1B11,0x1B35,
  0x1B3A,0x1B35,0x1B3C,0x1B35,0x1B3E,0x1B35,0x1B3F,0x1B35,0x1B42,0x1B35,0x41,0x325,
  0x61,0x325,0x42,0x307,0x62,0x307,0x42,0x323,0x62,0x323,0x42,0x331,
  0x62,0x331,0x43,0x327,0x301,0x63,0x327,0x301,0x44,0x307,0x64,0x307,
  0x44,0x323,0x64,0x323,0x44,0x331,0x64,0x331,0x44,0x327,0x64,0x327,
  0x44,0x32D,0x64,0x32D,0x45,0x304,0x300,0x65,0x304,0x300,0x45,0x304,
  0x301,0x65,0x304,0x301,0x45,0x32D,0x65,0x32D,0x45,0x330,0x65,0x330,
  0x45,0x327,0x306,0x65,0x327,0x306,0x46,0x307,0x66,0x307,0x47,0x304,
  0x67,0x304,0x48,0x307,0x68,0x307,0x48,0x323,0x68,0x323,0x48,0x308,
  0x68,0x308,0x48,0x327,0x68,0x327,0x48,0x32E,0x68,0x32E,0x49,0x330,
  0x69,0x330,0x49,0x308,0x301,0x69,0x308,0x301,0x4B,0x301,0x6B,0x301,
  0x4B,0x323,0x6B,0x323,0x4B,0x331,0x6B,0x331,0x4C,0x323,0x6C,0x323,
  0x4C,0x323,0x304,0x6C,0x323,0x304,0x4C,0x331,0x6C,0x331,0x4C,0x32D,
  0x6C,0x32D,0x4D,0x301,0x6D,0x301,0x4D,0x307,0x6D,0x307,0x4D,0x323,
  0x6D,0x323,0x4E,0x307,0x6E,0x307,0x4E,0x323,0x6E,0x323,0x4E,0x331,
  0x6E,0x331,0x4E,0x32D,0x6E,0x32D,0x4F,0x303,0x301,0x6F,0x303,0x301,
  0x4F,0x303,0x308,0x6F,0x303,0x308,0x4F,0x304,0x300,0x6F,0x304,0x300,
  0x4F,0x304,0x301,0x6F,0x304,0x301,0x50,0x301,0x70,0x301,0x50,0x307,
  0x70,0x307,0x52,0x307,0x72,0x307,0x52,0x323,0x72,0x323,0x52,0x323,
  0x304,0x72,0x323,0x304,0x52,0x331,0x72,0x331,0x53,0x307,0x73,0x307,
  0x53,0x323,0x73,0x323,0x53,0x301,0x307,0x73,0x301,0x307,0x53,0x30C,
  0x307,0x73,0x30C,0x307,0x53,0x323,0x307,0x73,0x323,0x307,0x54,0x307,
  0x74,0x307,0x54,0x323,0x74,0x323,0x54,0x331,0x74,0x331,0x54,0x32D,
  0x74,0x32D,0x55,0x324,0x75,0x324,0x55,0x330,0x75,0x330,0x55,0x32D,
  0x75,0x32D,0x55,0x303,0x301,0x75,0x303,0x301,0x55,0x304,0x308,0x75,
  0x304,0x308,0x56,0x303,0x76,0x303,0x56,0x323,0x76,0x323,0x57,0x300,
  0x77,0x300,0x57,0x301,0x77,0x301,0x57,0x308,0x77,0x308,0x57,0x307,
  0x77,0x307,0x57,0x323,0x77,0x323,0x58,0x307,0x78,0x307,0x58,0x308,
  0x78,0x308,0x59,0x307,0x79,0x307,0x5A,0x302,0x7A,0x302,0x5A,0x323,
  0x7A,0x323,0x5A,0x331,0x7A,0x331,0x68,0x331,0x74,0x308,0x77,0x30A,
  0x79,0x30A,0x17F,0x307,0x41,0x323,0x61,0x323,0x41,0x309,0x61,0x309,
  0x41,0x302,0x301,0x61,0x302,0x301,0x41,0x302,0x300,0x61,0x302,0x300,
  0x41,0x302,0x309,0x61,0x302,0x309,0x41,0x302,0x303,0x61,0x302,0x303,
  0x41,0x323,0x302,0x61,0x323,0x302,0x41,0x306,0x301,0x61,0x306,0x301,
  0x41,0x306,0x300,0x61,0x306,0x300,0x41,0x306,0x309,0x61,0x306,0x309,
  0x41,0x306,0x303,0x61,0x306,0x303,0x41,0x323,0x306,0x61,0x323,0x306,
  0x45,0x323,0x65,0x323,0x45,0x309,0x65,0x309,0x45,0x303,0x65,0x303,
  0x45,0x302,0x301,0x65,0x302,0x301,0x45,0x302,0x300,0x65,0x302,0x300,
  0x45,0x302,0x309,0x65,0x302,0x309,0x45,0x302,0x303,0x65,0x302,0x303,
  0x45,0x323,0x302,0x65,0x323,0x302,0x49,0x309,0x69,0x309,0x49,0x323,
  0x69,0x323,0x4F,0x323,0x6F,0x323,0x4F,0x309,0x6F,0x309,0x4F,0x302,
  0x301,0x6F,0x302,0x301,0x4F,0x302,0x300,0x6F,0x302,0x300,0x4F,0x302,
  0x309,0x6F,0x302,0x309,0x4F,0x302,0x303,0x6F,0x302,0x303,0x4F,0x323,
  0x302,0x6F,0x323,0x302,0x4F,0x31B,0x301,0x6F,0x31B,0x301,0x4F,0x31B,
  0x300,0x6F,0x31B,0x300,0x4F,0x31B,0x309,0x6F,0x31B,0x309,0x4F,0x31B,
  0x303,0x6F,0x31B,0x303,0x4F,0x31B,0x323,0x6F,0x31B,0x323,0x55,0x323,
  0x75,0x323,0x55,0x309,0x75,0x309,0x55,0x31B,0x301,0x75,0x31B,0x301,
  0x55,0x31B,0x300,0x75,0x31B,0x300,0x55,0x31B,0x309,0x75,0x31B,0x309,
  0x55,0x31B,0x303,0x75,0x31B,0x303,0x55,0x31B,0x323,0x75,0x31B,0x323,
  0x59,0x300,0x79,0x300,0x59,0x323,0x79,0x323,0x59,0x309,0x79,0x309,
  0x59,0x303,0x79,0x303,0x3B1,0x313,0x3B1,0x314,0x3B1,0x313,0x300,0x3B1,
  0x314,0x300,0x3B1,0x313,0x301,0x3B1,0x314,0x301,0x3B1,0x313,0x342,0x3B1,
  0x314,0x342,0x391,0x313,0x391,0x314,0x391,0x313,0x300,0x391,0x314,0x300,
  0x391,0x313,0x301,0x391,0x314,0x301,0x391,0x313,0x342,0x391,0x314,0x342,
  0x3B5,0x313,0x3B5,0x314,0x3B5,0x313,0x300,0x3B5,0x314,0x300,0x3B5,0x313,
  0x301,0x3B5,0x314,0x301,0x395,0x313,0x395,0x314,0x395,0x313,0x300,0x395,
  0x314,0x300,0x395,0x313,0x301,0x395,0x314,0x301,0x3B7,0x313,0x3B7,0x314,
  0x3B7,0x313,0x300,0x3B7,0x314,0x300,0x3B7,0x313,0x301,0x3B7,0x314,0x301,
  0x3B7,0x313,0x342,0x3B7,0x314,0x342,0x397,0x313,0x397,0x314,0x397,0x313,
  0x300,0x397,0x314,0x300,0x397,0x313,0x301,0x397,0x314,0x301,0x397,0x313,
  0x342,0x397,0x314,0x342,0x3B9,0x313,0x3B9,0x314,0x3B9,0x313,0x300,0x3B9,
  0x314,0x300,0x3B9,0x313,0x301,0x3B9,0x314,0x301,0x3B9,0x313,0x342,0x3B9,
  0x314,0x342,0x399,0x313,0x399,0x314,0x399,0x313,0x300,0x399,0x314,0x300,
  0x399,0x313,0x301,0x399,0x314,0x301,0x399,0x313,0x342,0x399,0x314,0x342,
  0x3BF,0x313,0x3BF,0x314,0x3BF,0x313,0x300,0x3BF,0x314,0x300,0x3BF,0x313,
  0x301,0x3BF,0x314,0x301,0x39F,0x313,0x39F,0x314,0x39F,0x313,0x300,0x39F,
  0x314,0x300,0x39F,0x313,0x301,0x39F,0x314,0x301,0x3C5,0x313,0x3C5,0x314,
  0x3C5,0x313,0x300,0x3C5,0x314,0x300,0x3C5,0x313,0x301,0x3C5,0x314,0x301,
  0x3C5,0x313,0x342,0x3C5,0x314,0x342,0x3A5,0x314,0x3A5,0x314,0x300,0x3A5,
  0x314,0x301,0x3A5,0x314,0x342,0x3C9,0x313,0x3C9,0x314,0x3C9,0x313,0x300,
  0x3C9,0x314,0x300,0x3C9,0x313,0x301,0x3C9,0x314,0x301,0x3C9,0x313,0x342,
  0x3C9,0x314,0x342,0x3A9,0x313,0x3A9,0x314,0x3A9,0x313,0x300,0x3A9,0x314,
  0x300,0x3A9,0x313,0x301,0x3A9,0x314,0x301,0x3A9,0x313,0x342,0x3A9,0x314,
  0x342,0x3B1,0x300,0x3B1,0x301,0x3B5,0x300,0x3B5,0x301,0x3B7,0x300,0x3B7,
  0x301,0x3B9,0x300,0x3B9,0x301,0x3BF,0x300,0x3BF,0x301,0x3C5,0x300,0x3C5,
  0x301,0x3C9,0x300,0x3C9,0x301,0x3B1,0x313,0x345,0x3B1,0x314,0x345,0x3B1,
  0x313,0x300,0x345,0x3B1,0x314,0x300,0x345,0x3B1,0x313,0x301,0x345,0x3B1,
  0x314,0x301,0x345,0x3B1,0x313,0x342,0x345,0x3B1,0x314,0x342,0x345,0x391,
  0x313,0x345,0x391,0x314,0x345,0x391,0x313,0x300,0x345,0x391,0x314,0x300,
  0x345,0x391,0x313,0x301,0x345,0x391,0x314,0x301,0x345,0x391,0x313,0x342,
  0x345,0x391,0x314,0x342,0x345,0x3B7,0x313,0x345,0x3B7,0x314,0x345,0x3B7,
  0x313,0x300,0x345,0x3B7,0x314,0x300,0x345,0x3B7,0x313,0x301,0x345,0x3B7,
  0x314,0x301,0x345,0x3B7,0x313,0x342,0x345,0x3B7,0x314,0x342,0x345,0x397,
  0x313,0x345,0x397,0x314,0x345,0x397,0x313,0x300,0x345,0x397,0x314,0x300,
  0x345,0x397,0x313,0x301,0x345,0x397,0x314,0x301,0x345,0x397,0x313,0x342,
  0x345,0x397,0x314,0x342,0x345,0x3C9,0x313,0x345,0x3C9,0x314,0x345,0x3C9,
  0x313,0x300,0x345,0x3C9,0x314,0x300,0x345,0x3C9,0x313,0x301,0x345,0x3C9,
  0x314,0x301,0x345,0x3C9,0x313,0x342,0x345,0x3C9,0x314,0x342,0x345,0x3A9,
  0x313,0x345,0x3A9,0x314,0x345,0x3A9,0x313,0x300,0x345,0x3A9,0x314,0x300,
  0x345,0x3A9,0x313,0x301,0x345,0x3A9,0x314,0x301,0x345,0x3A9,0x313,0x342,
  0x345,0x3A9,0x314,0x342,0x345,0x3B1,0x306,0x3B1,0x304,0x3B1,0x300,0x345,
  0x3B1,0x345,0x3B1,0x301,0x345,0x3B1,0x342,0x3B1,0x342,0x345,0x391,0x306,
  0x391,0x304,0x391,0x300,0x391,0x301,0x391,0x345,0x3B9,0xA8,0x342,0x3B7,
  0x300,0x345,0x3B7,0x345,0x3B7,0x301,0x345,0x3B7,0x342,0x3B7,0x342,0x345,
  0x395,0x300,0x395,0x301,0x397,0x300,0x397,0x301,0x397,0x345,0x1FBF,0x300,
  0x1FBF,0x301,0x1FBF,0x342,0x3B9,0x306,0x3B9,0x304,0x3B9,0x308,0x300,0x3B9,
  0x308,0x301,0x3B9,0x342,0x3B9,0x308,0x342,0x399,0x306,0x399,0x304,0x399,
  0x300,0x399,0x301,0x1FFE,0x300,0x1FFE,0x301,0x1FFE,0x342,0x3C5,0x306,0x3C5,
  0x304,0x3C5,0x308,0x300,0x3C5,0x308,0x301,0x3C1,0x313,0x3C1,0x314,0x3C5,
  0x342,0x3C5,0x308,0x342,0x3A5,0x306,0x3A5,0x304,0x3A5,0x300,0x3A5,0x301,
  0x3A1,0x314,0xA8,0x300,0xA8,0x301,0x60,0x3C9,0x300,0x345,0x3C9,0x345,
  0x3C9,0x301,0x345,0x3C9,0x342,0x3C9,0x342,0x345,0x39F,0x300,0x39F,0x301,
  0x3A9,0x300,0x3A9,0x301,0x3A9,0x345,0xB4,0x2002,0x2003,0x3A9,0x4B,0x41,
  0x30A,0x2190,0x338,0x2192,0x338,0x2194,0x338,0x21D0,0x338,0x21D4,0x338,0x21D2,
  0x338,0x2203,0x338,0x2208,0x338,0x220B,0x338,0x2223,0x338,0x2225,0x338,0x223C,
  0x338,0x2243,0x338,0x2245,0x338,0x2248,0x338,0x3D,0x338,0x2261,0x338,0x224D,
  0x338,0x3C,0x338,0x3E,0x338,0x2264,0x338,0x2265,0x338,0x2272,0x338,0x2273,
  0x338,0x2276,0x338,0x2277,0x338,0x227A,0x338,0x227B,0x338,0x2282,0x338,0x2283,
  0x338,0x2286,0x338,0x2287,0x338,0x22A2,0x338,0x22A8,0x338,0x22A9,0x338,0x22AB,
  0x338,0x227C,0x338,0x227D,0x338,0x2291,0x338,0x2292,0x338,0x22B2,0x338,0x22B3,
  0x338,0x22B4,0x338,0x22B5,0x338,0x3008,0x3009,0x2ADD,0x338,0x304B,0x3099,0x304D,
  0x3099,0x304F,0x3099,0x3051,0x3099,0x3053,0x3099,0x3055,0x3099,0x3057,0x3099,0x3059,
  0x3099,0x305B,0x3099,0x305D,0x3099,0x305F,0x3099,0x3061,0x3099,0x3064,0x3099,0x3066,
  0x3099,0x3068,0x3099,0x306F,0x3099,0x306F,0x309A,0x3072,0x3099,0x3072,0x309A,0x3075,
  0x3099,0x3075,0x309A,0x3078,0x3099,0x3078,0x309A,0x307B,0x3099,0x307B,0x309A,0x3046,
  0x3099,0x309D,0x3099,0x30AB,0x3099,0x30AD,0x3099,0x30AF,0x3099,0x30B1,0x3099,0x30B3,
  0x3099,0x30B5,0x3099,0x30B7,0x3099,0x30B9,0x3099,0x30BB,0x3099,0x30BD,0x3099,0x30BF,
  0x3099,0x30C1,0x3099,0x30C4,0x3099,0x30C6,0x3099,0x30C8,0x3099,0x30CF,0x3099,0x30CF,
  0x309A,0x30D2,0x3099,0x30D2,0x309A,0x30D5,0x3099,0x30D5,0x309A,0x30D8,0x3099,0x30D8,
  0x309A,0x30DB,0x3099,0x30DB,0x309A,0x30A6,0x3099,0x30EF,0x3099,0x30F0,0x3099,0x30F1,
  0x3099,0x30F2,0x3099,0x30FD,0x3099,0x8C48,0x66F4,0x8ECA,0x8CC8,0x6ED1,0x4E32,0x53E5,
  0x9F9C,0x9F9C,0x5951,0x91D1,0x5587,0x5948,0x61F6,0x7669,0x7F85,0x863F,0x87BA,0x88F8,
  0x908F,0x6A02,0x6D1B,0x70D9,0x73DE,0x843D,0x916A,0x99F1,0x4E82,0x5375,0x6B04,0x721B,
  0x862D,0x9E1E,0x5D50,0x6FEB,0x85CD,0x8964,0x62C9,0x81D8,0x881F,0x5ECA,0x6717,0x6D6A,
  0x72FC,0x90CE,0x4F86,0x51B7,0x52DE,0x64C4,0x6AD3,0x7210,0x76E7,0x8001,0x8606,0x865C,
  0x8DEF,0x9732,0x9B6F,0x9DFA,0x788C,0x797F,0x7DA0,0x83C9,0x9304,0x9E7F,0x8AD6,0x58DF,
  0x5F04,0x7C60,0x807E,0x7262,0x78CA,0x8CC2,0x96F7,0x58D8,0x5C62,0x6A13,0x6DDA,0x6F0F,
  0x7D2F,0x7E37,0x964B,0x52D2,0x808B,0x51DC,0x51CC,0x7A1C,0x7DBE,0x83F1,0x9675,0x8B80,
  0x62CF,0x6A02,0x8AFE,0x4E39,0x5BE7,0x6012,0x7387,0x7570,0x5317,0x78FB,0x4FBF,0x5FA9,
  0x4E0D,0x6CCC,0x6578,0x7D22,0x53C3,0x585E,0x7701,0x8449,0x8AAA,0x6BBA,0x8FB0,0x6C88,
  0x62FE,0x82E5,0x63A0,0x7565,0x4EAE,0x5169,0x51C9,0x6881,0x7CE7,0x826F,0x8AD2,0x91CF,
  0x52F5,0x5442,0x5973,0x5EEC,0x65C5,0x6FFE,0x792A,0x95AD,0x9A6A,0x9E97,0x9ECE,0x529B,
  0x66C6,0x6B77,0x8F62,0x5E74,0x6190,0x6200,0x649A,0x6F23,0x7149,0x7489,0x79CA,0x7DF4,
  0x806F,0x8F26,0x84EE,0x9023,0x934A,0x5217,0x52A3,0x54BD,0x70C8,0x88C2,0x8AAA,0x5EC9,
  0x5FF5,0x637B,0x6BAE,0x7C3E,0x7375,0x4EE4,0x56F9,0x5BE7,0x5DBA,0x601C,0x73B2,0x7469,
  0x7F9A,0x8046,0x9234,0x96F6,0x9748,0x9818,0x4F8B,0x79AE,0x91B4,0x96B8,0x60E1,0x4E86,
  0x50DA,0x5BEE,0x5C3F,0x6599,0x6A02,0x71CE,0x7642,0x84FC,0x907C,0x9F8D,0x6688,0x962E,
  0x5289,0x677B,0x67F3,0x6D41,0x6E9C,0x7409,0x7559,0x786B,0x7D10,0x985E,0x516D,0x622E,
  0x9678,0x502B,0x5D19,0x6DEA,0x8F2A,0x5F8B,0x6144,0x6817,0x7387,0x9686,0x5229,0x540F,
  0x5C65,0x6613,0x674E,0x68A8,0x6CE5,0x7406,0x75E2,0x7F79,0x88CF,0x88E1,0x91CC,0x96E2,
  0x533F,0x6EBA,0x541D,0x71D0,0x7498,0x85FA,0x96A3,0x9C57,0x9E9F,0x6797,0x6DCB,0x81E8,
  0x7ACB,0x7B20,0x7C92,0x72C0,0x7099,0x8B58,0x4EC0,0x8336,0x523A,0x5207,0x5EA6,0x62D3,
  0x7CD6,0x5B85,0x6D1E,0x66B4,0x8F3B,0x884C,0x964D,0x898B,0x5ED3,0x5140,0x55C0,0x585A,
  0x6674,0x51DE,0x732A,0x76CA,0x793C,0x795E,0x7965,0x798F,0x9756,0x7CBE,0x7FBD,0x8612,
  0x8AF8,0x9038,0x90FD,0x98EF,0x98FC,0x9928,0x9DB4,0x90DE,0x96B7,0x4FAE,0x50E7,0x514D,
  0x52C9,0x52E4,0x5351,0x559D,0x5606,0x5668,0x5840,0x58A8,0x5C64,0x5C6E,0x6094,0x6168,
  0x618E,0x61F2,0x654F,0x65E2,0x6691,0x6885,0x6D77,0x6E1A,0x6F22,0x716E,0x722B,0x7422,
  0x7891,0x793E,0x7949,0x7948,0x7950,0x7956,0x795D,0x798D,0x798E,0x7A40,0x7A81,0x7BC0,
  0x7DF4,0x7E09,0x7E41,0x7F72,0x8005,0x81ED,0x8279,0x8279,0x8457,0x8910,0x8996,0x8B01,
  0x8B39,0x8CD3,0x8D08,0x8FB6,0x9038,0x96E3,0x97FF,0x983B,0x6075,0x242EE,0x8218,0x4E26,
  0x51B5,0x5168,0x4F80,0x5145,0x5180,0x52C7,0x52FA,0x559D,0x5555,0x5599,0x55E2,0x585A,
  0x58B3,0x5944,0x5954,0x5A62,0x5B28,0x5ED2,0x5ED9,0x5F69,0x5FAD,0x60D8,0x614E,0x6108,
  0x618E,0x6160,0x61F2,0x6234,0x63C4,0x641C,0x6452,0x6556,0x6674,0x6717,0x671B,0x6756,
  0x6B79,0x6BBA,0x6D41,0x6EDB,0x6ECB,0x6F22,0x701E,0x716E,0x77A7,0x7235,0x72AF,0x732A,
  0x7471,0x7506,0x753B,0x761D,0x761F,0x76CA,0x76DB,0x76F4,0x774A,0x7740,0x78CC,0x7AB1,
  0x7BC0,0x7C7B,0x7D5B,0x7DF4,0x7F3E,0x8005,0x8352,0x83EF,0x8779,0x8941,0x8986,0x8996,
  0x8ABF,0x8AF8,0x8ACB,0x8B01,0x8AFE,0x8AED,0x8B39,0x8B8A,0x8D08,0x8F38,0x9072,0x9199,
  0x9276,0x967C,0x96E3,0x9756,0x97DB,0x97FF,0x980B,0x983B,0x9B12,0x9F9C,0x2284A,0x22844,
  0x233D5,0x3B9D,0x4018,0x4039,0x25249,0x25CD0,0x27ED3,0x9F43,0x9F8E,0x5D9,0x5B4,0x5F2,
  0x5B7,0x5E9,0x5C1,0x5E9,0x5C2,0x5E9,0x5BC,0x5C1,0x5E9,0x5BC,0x5C2,0x5D0,
  0x5B7,0x5D0,0x5B8,0x5D0,0x5BC,0x5D1,0x5BC,0x5D2,0x5BC,0x5D3,0x5BC,0x5D4,
  0x5BC,0x5D5,0x5BC,0x5D6,0x5BC,0x5D8,0x5BC,0x5D9,0x5BC,0x5DA,0x5BC,0x5DB,
  0x5BC,0x5DC,0x5BC,0x5DE,0x5BC,0x5E0,0x5BC,0x5E1,0x5BC,0x5E3,0x5BC,0x5E4,
  0x5BC,0x5E6,0x5BC,0x5E7,0x5BC,0x5E8,0x5BC,0x5E9,0x5BC,0x5EA,0x5BC,0x5D5,
  0x5B9,0x5D1,0x5BF,0x5DB,0x5BF,0x5E4,0x5BF,0x105D2,0x307,0x105DA,0x307,0x11099,
  0x110BA,0x1109B,0x110BA,0x110A5,0x110BA,0x11131,0x11127,0x11132,0x11127,0x11347,0x1133E,0x11347,
  0x11357,0x11382,0x113C9,0x11384,0x113BB,0x1138B,0x113C2,0x11390,0x113C9,0x113C2,0x113C2,0x113C2,
  0x113B8,0x113C2,0x113C9,0x114B9,0x114BA,0x114B9,0x114B0,0x114B9,0x114BD,0x115B8,0x115AF,0x115B9,
  0x115AF,0x11935,0x11930,0x1611E,0x1611E,0x1611E,0x16129,0x1611E,0x1611F,0x16129,0x1611F,0x1611E,
  0x16120,0x1611E,0x1611E,0x1611F,0x1611E,0x16129,0x1611F,0x1611E,0x1611E,0x16120,0x16D67,0x16D67,
  0x16D63,0x16D67,0x16D63,0x16D67,0x16D67,0x1D157,0x1D165,0x1D158,0x1D165,0x1D158,0x1D165,0x1D16E,
  0x1D158,0x1D165,0x1D16F,0x1D158,0x1D165,0x1D170,0x1D158,0x1D165,0x1D171,0x1D158,0x1D165,0x1D172,
  0x1D1B9,0x1D165,0x1D1BA,0x1D165,0x1D1B9,0x1D165,0x1D16E,0x1D1BA,0x1D165,0x1D16E,0x1D1B9,0x1D165,
  0x1D16F,0x1D1BA,0x1D165,0x1D16F,0x4E3D,0x4E38,0x4E41,0x20122,0x4F60,0x4FAE,0x4FBB,0x5002,
  0x507A,0x5099,0x50E7,0x50CF,0x349E,0x2063A,0x514D,0x5154,0x5164,0x5177,0x2051C,0x34B9,
  0x5167,0x518D,0x2054B,0x5197,0x51A4,0x4ECC,0x51AC,0x51B5,0x291DF,0x51F5,0x5203,0x34DF,
  0x523B,0x5246,0x5272,0x5277,0x3515,0x52C7,0x52C9,0x52E4,0x52FA,0x5305,0x5306,0x5317,
  0x5349,0x5351,0x535A,0x5373,0x537D,0x537F,0x537F,0x537F,0x20A2C,0x7070,0x53CA,0x53DF,
  0x20B63,0x53EB,0x53F1,0x5406,0x549E,0x5438,0x5448,0x5468,0x54A2,0x54F6,0x5510,0x5553,
  0x5563,0x5584,0x5584,0x5599,0x55AB,0x55B3,0x55C2,0x5716,0x5606,0x5717,0x5651,0x5674,
  0x5207,0x58EE,0x57CE,0x57F4,0x580D,0x578B,0x5832,0x5831,0x58AC,0x214E4,0x58F2,0x58F7,
  0x5906,0x591A,0x5922,0x5962,0x216A8,0x216EA,0x59EC,0x5A1B,0x5A27,0x59D8,0x5A66,0x36EE,
  0x36FC,0x5B08,0x5B3E,0x5B3E,0x219C8,0x5BC3,0x5BD8,0x5BE7,0x5BF3,0x21B18,0x5BFF,0x5C06,
  0x5F53,0x5C22,0x3781,0x5C60,0x5C6E,0x5CC0,0x5C8D,0x21DE4,0x5D43,0x21DE6,0x5D6E,0x5D6B,
  0x5D7C,0x5DE1,0x5DE2,0x382F,0x5DFD,0x5E28,0x5E3D,0x5E69,0x3862,0x22183,0x387C,0x5EB0,
  0x5EB3,0x5EB6,0x5ECA,0x2A392,0x5EFE,0x22331,0x22331,0x8201,0x5F22,0x5F22,0x38C7,0x232B8,
  0x261DA,0x5F62,0x5F6B,0x38E3,0x5F9A,0x5FCD,0x5FD7,0x5FF9,0x6081,0x393A,0x391C,0x6094,
  0x226D4,0x60C7,0x6148,0x614C,0x614E,0x614C,0x617A,0x618E,0x61B2,0x61A4,0x61AF,0x61DE,
  0x61F2,0x61F6,0x6210,0x621B,0x625D,0x62B1,0x62D4,0x6350,0x22B0C,0x633D,0x62FC,0x6368,
  0x6383,0x63E4,0x22BF1,0x6422,0x63C5,0x63A9,0x3A2E,0x6469,0x647E,0x649D,0x6477,0x3A6C,
  0x654F,0x656C,0x2300A,0x65E3,0x66F8,0x6649,0x3B19,0x6691,0x3B08,0x3AE4,0x5192,0x5195,
  0x6700,0x669C,0x80AD,0x43D9,0x6717,0x671B,0x6721,0x675E,0x6753,0x233C3,0x3B49,0x67FA,
  0x6785,0x6852,0x6885,0x2346D,0x688E,0x681F,0x6914,0x3B9D,0x6942,0x69A3,0x69EA,0x6AA8,
  0x236A3,0x6ADB,0x3C18,0x6B21,0x238A7,0x6B54,0x3C4E,0x6B72,0x6B9F,0x6BBA,0x6BBB,0x23A8D,
  0x21D0B,0x23AFA,0x6C4E,0x23CBC,0x6CBF,0x6CCD,0x6C67,0x6D16,0x6D3E,0x6D77,0x6D41,0x6D69,
  0x6D78,0x6D85,0x23D1E,0x6D34,0x6E2F,0x6E6E,0x3D33,0x6ECB,0x6EC7,0x23ED1,0x6DF9,0x6F6E,
  0x23F5E,0x23F8E,0x6FC6,0x7039,0x701E,0x701B,0x3D96,0x704A,0x707D,0x7077,0x70AD,0x20525,
  0x7145,0x24263,0x719C,0x243AB,0x7228,0x7235,0x7250,0x24608,0x7280,0x7295,0x24735,0x24814,
  0x737A,0x738B,0x3EAC,0x73A5,0x3EB8,0x3EB8,0x7447,0x745C,0x7471,0x7485,0x74CA,0x3F1B,
  0x7524,0x24C36,0x753E,0x24C92,0x7570,0x2219F,0x7610,0x24FA1,0x24FB8,0x25044,0x3FFC,0x4008,
  0x76F4,0x250F3,0x250F2,0x25119,0x25133,0x771E,0x771F,0x771F,0x774A,0x4039,0x778B,0x4046,
  0x4096,0x2541D,0x784E,0x788C,0x78CC,0x40E3,0x25626,0x7956,0x2569A,0x256C5,0x798F,0x79EB,
  0x412F,0x7A40,0x7A4A,0x7A4F,0x2597C,0x25AA7,0x25AA7,0x7AEE,0x4202,0x25BAB,0x7BC6,0x7BC9,
  0x4227,0x25C80,0x7CD2,0x42A0,0x7CE8,0x7CE3,0x7D00,0x25F86,0x7D63,0x4301,0x7DC7,0x7E02,
  0x7E45,0x4334,0x26228,0x26247,0x4359,0x262D9,0x7F7A,0x2633E,0x7F95,0x7FFA,0x8005,0x264DA,
  0x26523,0x8060,0x265A8,0x8070,0x2335F,0x43D5,0x80B2,0x8103,0x440B,0x813E,0x5AB5,0x267A7,
  0x267B5,0x23393,0x2339C,0x8201,0x8204,0x8F9E,0x446B,0x8291,0x828B,0x829D,0x52B3,0x82B1,
  0x82B3,0x82BD,0x82E6,0x26B3C,0x82E5,0x831D,0x8363,0x83AD,0x8323,0x83BD,0x83E7,0x8457,
  0x8353,0x83CA,0x83CC,0x83DC,0x26C36,0x26D6B,0x26CD5,0x452B,0x84F1,0x84F3,0x8516,0x273CA,
  0x8564,0x26F2C,0x455D,0x4561,0x26FB1,0x270D2,0x456B,0x8650,0x865C,0x8667,0x8669,0x86A9,
  0x8688,0x870E,0x86E2,0x8779,0x8728,0x876B,0x8786,0x45D7,0x87E1,0x8801,0x45F9,0x8860,
  0x8863,0x27667,0x88D7,0x88DE,0x4635,0x88FA,0x34BB,0x278AE,0x27966,0x46BE,0x46C7,0x8AA0,
  0x8AED,0x8B8A,0x8C55,0x27CA8,0x8CAB,0x8CC1,0x8D1B,0x8D77,0x27F2F,0x20804,0x8DCB,0x8DBC,
  0x8DF0,0x208DE,0x8ED4,0x8F38,0x285D2,0x285ED,0x9094,0x90F1,0x9111,0x2872E,0x911B,0x9238,
  0x92D7,0x92D8,0x927C,0x93F9,0x9415,0x28BFA,0x958B,0x4995,0x95B7,0x28D77,0x49E6,0x96C3,
  0x5DB2,0x9723,0x29145,0x2921A,0x4A6E,0x4A76,0x97E0,0x2940A,0x4AB2,0x29496,0x980B,0x980B,
  0x9829,0x295B6,0x98E2,0x4B33,0x9929,0x99A7,0x99C2,0x99FE,0x4BCE,0x29B30,0x9B12,0x9C40,
  0x9CFD,0x4CCE,0x4CED,0x9D67,0x2A0CE,0x4CF8,0x2A105,0x2A20E,0x2A291,0x9EBB,0x4D56,0x9EF9,
  0x9EFE,0x9F05,0x9F0F,0x9F16,0x9F3B,0x2A600,
};

constexpr uint32_t kCccCp[934] = {
  0x300,0x301,0x302,0x303,0x304,0x305,0x306,0x307,0x308,0x309,0x30A,0x30B,
  0x30C,0x30D,0x30E,0x30F,0x310,0x311,0x312,0x313,0x314,0x315,0x316,0x317,
  0x318,0x319,0x31A,0x31B,0x31C,0x31D,0x31E,0x31F,0x320,0x321,0x322,0x323,
  0x324,0x325,0x326,0x327,0x328,0x329,0x32A,0x32B,0x32C,0x32D,0x32E,0x32F,
  0x330,0x331,0x332,0x333,0x334,0x335,0x336,0x337,0x338,0x339,0x33A,0x33B,
  0x33C,0x33D,0x33E,0x33F,0x340,0x341,0x342,0x343,0x344,0x345,0x346,0x347,
  0x348,0x349,0x34A,0x34B,0x34C,0x34D,0x34E,0x350,0x351,0x352,0x353,0x354,
  0x355,0x356,0x357,0x358,0x359,0x35A,0x35B,0x35C,0x35D,0x35E,0x35F,0x360,
  0x361,0x362,0x363,0x364,0x365,0x366,0x367,0x368,0x369,0x36A,0x36B,0x36C,
  0x36D,0x36E,0x36F,0x483,0x484,0x485,0x486,0x487,0x591,0x592,0x593,0x594,
  0x595,0x596,0x597,0x598,0x599,0x59A,0x59B,0x59C,0x59D,0x59E,0x59F,0x5A0,
  0x5A1,0x5A2,0x5A3,0x5A4,0x5A5,0x5A6,0x5A7,0x5A8,0x5A9,0x5AA,0x5AB,0x5AC,
  0x5AD,0x5AE,0x5AF,0x5B0,0x5B1,0x5B2,0x5B3,0x5B4,0x5B5,0x5B6,0x5B7,0x5B8,
  0x5B9,0x5BA,0x5BB,0x5BC,0x5BD,0x5BF,0x5C1,0x5C2,0x5C4,0x5C5,0x5C7,0x610,
  0x611,0x612,0x613,0x614,0x615,0x616,0x617,0x618,0x619,0x61A,0x64B,0x64C,
  0x64D,0x64E,0x64F,0x650,0x651,0x652,0x653,0x654,0x655,0x656,0x657,0x658,
  0x659,0x65A,0x65B,0x65C,0x65D,0x65E,0x65F,0x670,0x6D6,0x6D7,0x6D8,0x6D9,
  0x6DA,0x6DB,0x6DC,0x6DF,0x6E0,0x6E1,0x6E2,0x6E3,0x6E4,0x6E7,0x6E8,0x6EA,
  0x6EB,0x6EC,0x6ED,0x711,0x730,0x731,0x732,0x733,0x734,0x735,0x736,0x737,
  0x738,0x739,0x73A,0x73B,0x73C,0x73D,0x73E,0x73F,0x740,0x741,0x742,0x743,
  0x744,0x745,0x746,0x747,0x748,0x749,0x74A,0x7EB,0x7EC,0x7ED,0x7EE,0x7EF,
  0x7F0,0x7F1,0x7F2,0x7F3,0x7FD,0x816,0x817,0x818,0x819,0x81B,0x81C,0x81D,
  0x81E,0x81F,0x820,0x821,0x822,0x823,0x825,0x826,0x827,0x829,0x82A,0x82B,
  0x82C,0x82D,0x859,0x85A,0x85B,0x897,0x898,0x899,0x89A,0x89B,0x89C,0x89D,
  0x89E,0x89F,0x8CA,0x8CB,0x8CC,0x8CD,0x8CE,0x8CF,0x8D0,0x8D1,0x8D2,0x8D3,
  0x8D4,0x8D5,0x8D6,0x8D7,0x8D8,0x8D9,0x8DA,0x8DB,0x8DC,0x8DD,0x8DE,0x8DF,
  0x8E0,0x8E1,0x8E3,0x8E4,0x8E5,0x8E6,0x8E7,0x8E8,0x8E9,0x8EA,0x8EB,0x8EC,
  0x8ED,0x8EE,0x8EF,0x8F0,0x8F1,0x8F2,0x8F3,0x8F4,0x8F5,0x8F6,0x8F7,0x8F8,
  0x8F9,0x8FA,0x8FB,0x8FC,0x8FD,0x8FE,0x8FF,0x93C,0x94D,0x951,0x952,0x953,
  0x954,0x9BC,0x9CD,0x9FE,0xA3C,0xA4D,0xABC,0xACD,0xB3C,0xB4D,0xBCD,0xC3C,
  0xC4D,0xC55,0xC56,0xCBC,0xCCD,0xD3B,0xD3C,0xD4D,0xDCA,0xE38,0xE39,0xE3A,
  0xE48,0xE49,0xE4A,0xE4B,0xEB8,0xEB9,0xEBA,0xEC8,0xEC9,0xECA,0xECB,0xF18,
  0xF19,0xF35,0xF37,0xF39,0xF71,0xF72,0xF74,0xF7A,0xF7B,0xF7C,0xF7D,0xF80,
  0xF82,0xF83,0xF84,0xF86,0xF87,0xFC6,0x1037,0x1039,0x103A,0x108D,0x135D,0x135E,
  0x135F,0x1714,0x1715,0x1734,0x17D2,0x17DD,0x18A9,0x1939,0x193A,0x193B,0x1A17,0x1A18,
  0x1A60,0x1A75,0x1A76,0x1A77,0x1A78,0x1A79,0x1A7A,0x1A7B,0x1A7C,0x1A7F,0x1AB0,0x1AB1,
  0x1AB2,0x1AB3,0x1AB4,0x1AB5,0x1AB6,0x1AB7,0x1AB8,0x1AB9,0x1ABA,0x1ABB,0x1ABC,0x1ABD,
  0x1ABF,0x1AC0,0x1AC1,0x1AC2,0x1AC3,0x1AC4,0x1AC5,0x1AC6,0x1AC7,0x1AC8,0x1AC9,0x1ACA,
  0x1ACB,0x1ACC,0x1ACD,0x1ACE,0x1B34,0x1B44,0x1B6B,0x1B6C,0x1B6D,0x1B6E,0x1B6F,0x1B70,
  0x1B71,0x1B72,0x1B73,0x1BAA,0x1BAB,0x1BE6,0x1BF2,0x1BF3,0x1C37,0x1CD0,0x1CD1,0x1CD2,
  0x1CD4,0x1CD5,0x1CD6,0x1CD7,0x1CD8,0x1CD9,0x1CDA,0x1CDB,0x1CDC,0x1CDD,0x1CDE,0x1CDF,
  0x1CE0,0x1CE2,0x1CE3,0x1CE4,0x1CE5,0x1CE6,0x1CE7,0x1CE8,0x1CED,0x1CF4,0x1CF8,0x1CF9,
  0x1DC0,0x1DC1,0x1DC2,0x1DC3,0x1DC4,0x1DC5,0x1DC6,0x1DC7,0x1DC8,0x1DC9,0x1DCA,0x1DCB,
  0x1DCC,0x1DCD,0x1DCE,0x1DCF,0x1DD0,0x1DD1,0x1DD2,0x1DD3,0x1DD4,0x1DD5,0x1DD6,0x1DD7,
  0x1DD8,0x1DD9,0x1DDA,0x1DDB,0x1DDC,0x1DDD,0x1DDE,0x1DDF,0x1DE0,0x1DE1,0x1DE2,0x1DE3,
  0x1DE4,0x1DE5,0x1DE6,0x1DE7,0x1DE8,0x1DE9,0x1DEA,0x1DEB,0x1DEC,0x1DED,0x1DEE,0x1DEF,
  0x1DF0,0x1DF1,0x1DF2,0x1DF3,0x1DF4,0x1DF5,0x1DF6,0x1DF7,0x1DF8,0x1DF9,0x1DFA,0x1DFB,
  0x1DFC,0x1DFD,0x1DFE,0x1DFF,0x20D0,0x20D1,0x20D2,0x20D3,0x20D4,0x20D5,0x20D6,0x20D7,
  0x20D8,0x20D9,0x20DA,0x20DB,0x20DC,0x20E1,0x20E5,0x20E6,0x20E7,0x20E8,0x20E9,0x20EA,
  0x20EB,0x20EC,0x20ED,0x20EE,0x20EF,0x20F0,0x2CEF,0x2CF0,0x2CF1,0x2D7F,0x2DE0,0x2DE1,
  0x2DE2,0x2DE3,0x2DE4,0x2DE5,0x2DE6,0x2DE7,0x2DE8,0x2DE9,0x2DEA,0x2DEB,0x2DEC,0x2DED,
  0x2DEE,0x2DEF,0x2DF0,0x2DF1,0x2DF2,0x2DF3,0x2DF4,0x2DF5,0x2DF6,0x2DF7,0x2DF8,0x2DF9,
  0x2DFA,0x2DFB,0x2DFC,0x2DFD,0x2DFE,0x2DFF,0x302A,0x302B,0x302C,0x302D,0x302E,0x302F,
  0x3099,0x309A,0xA66F,0xA674,0xA675,0xA676,0xA677,0xA678,0xA679,0xA67A,0xA67B,0xA67C,
  0xA67D,0xA69E,0xA69F,0xA6F0,0xA6F1,0xA806,0xA82C,0xA8C4,0xA8E0,0xA8E1,0xA8E2,0xA8E3,
  0xA8E4,0xA8E5,0xA8E6,0xA8E7,0xA8E8,0xA8E9,0xA8EA,0xA8EB,0xA8EC,0xA8ED,0xA8EE,0xA8EF,
  0xA8F0,0xA8F1,0xA92B,0xA92C,0xA92D,0xA953,0xA9B3,0xA9C0,0xAAB0,0xAAB2,0xAAB3,0xAAB4,
  0xAAB7,0xAAB8,0xAABE,0xAABF,0xAAC1,0xAAF6,0xABED,0xFB1E,0xFE20,0xFE21,0xFE22,0xFE23,
  0xFE24,0xFE25,0xFE26,0xFE27,0xFE28,0xFE29,0xFE2A,0xFE2B,0xFE2C,0xFE2D,0xFE2E,0xFE2F,
  0x101FD,0x102E0,0x10376,0x10377,0x10378,0x10379,0x1037A,0x10A0D,0x10A0F,0x10A38,0x10A39,0x10A3A,
  0x10A3F,0x10AE5,0x10AE6,0x10D24,0x10D25,0x10D26,0x10D27,0x10D69,0x10D6A,0x10D6B,0x10D6C,0x10D6D,
  0x10EAB,0x10EAC,0x10EFD,0x10EFE,0x10EFF,0x10F46,0x10F47,0x10F48,0x10F49,0x10F4A,0x10F4B,0x10F4C,
  0x10F4D,0x10F4E,0x10F4F,0x10F50,0x10F82,0x10F83,0x10F84,0x10F85,0x11046,0x11070,0x1107F,0x110B9,
  0x110BA,0x11100,0x11101,0x11102,0x11133,0x11134,0x11173,0x111C0,0x111CA,0x11235,0x11236,0x112E9,
  0x112EA,0x1133B,0x1133C,0x1134D,0x11366,0x11367,0x11368,0x11369,0x1136A,0x1136B,0x1136C,0x11370,
  0x11371,0x11372,0x11373,0x11374,0x113CE,0x113CF,0x113D0,0x11442,0x11446,0x1145E,0x114C2,0x114C3,
  0x115BF,0x115C0,0x1163F,0x116B6,0x116B7,0x1172B,0x11839,0x1183A,0x1193D,0x1193E,0x11943,0x119E0,
  0x11A34,0x11A47,0x11A99,0x11C3F,0x11D42,0x11D44,0x11D45,0x11D97,0x11F41,0x11F42,0x1612F,0x16AF0,
  0x16AF1,0x16AF2,0x16AF3,0x16AF4,0x16B30,0x16B31,0x16B32,0x16B33,0x16B34,0x16B35,0x16B36,0x16FF0,
  0x16FF1,0x1BC9E,0x1D165,0x1D166,0x1D167,0x1D168,0x1D169,0x1D16D,0x1D16E,0x1D16F,0x1D170,0x1D171,
  0x1D172,0x1D17B,0x1D17C,0x1D17D,0x1D17E,0x1D17F,0x1D180,0x1D181,0x1D182,0x1D185,0x1D186,0x1D187,
  0x1D188,0x1D189,0x1D18A,0x1D18B,0x1D1AA,0x1D1AB,0x1D1AC,0x1D1AD,0x1D242,0x1D243,0x1D244,0x1E000,
  0x1E001,0x1E002,0x1E003,0x1E004,0x1E005,0x1E006,0x1E008,0x1E009,0x1E00A,0x1E00B,0x1E00C,0x1E00D,
  0x1E00E,0x1E00F,0x1E010,0x1E011,0x1E012,0x1E013,0x1E014,0x1E015,0x1E016,0x1E017,0x1E018,0x1E01B,
  0x1E01C,0x1E01D,0x1E01E,0x1E01F,0x1E020,0x1E021,0x1E023,0x1E024,0x1E026,0x1E027,0x1E028,0x1E029,
  0x1E02A,0x1E08F,0x1E130,0x1E131,0x1E132,0x1E133,0x1E134,0x1E135,0x1E136,0x1E2AE,0x1E2EC,0x1E2ED,
  0x1E2EE,0x1E2EF,0x1E4EC,0x1E4ED,0x1E4EE,0x1E4EF,0x1E5EE,0x1E5EF,0x1E8D0,0x1E8D1,0x1E8D2,0x1E8D3,
  0x1E8D4,0x1E8D5,0x1E8D6,0x1E944,0x1E945,0x1E946,0x1E947,0x1E948,0x1E949,0x1E94A,
};

constexpr uint8_t kCccVal[934] = {
  230,230,230,230,230,230,230,230,230,230,230,230,230,230,230,230,230,230,230,230,230,232,220,220,
  220,220,232,216,220,220,220,220,220,202,202,220,220,220,220,202,202,220,220,220,220,220,220,220,
  220,220,220,220,1,1,1,1,1,220,220,220,220,230,230,230,230,230,230,230,230,240,230,220,
  220,220,230,230,230,220,220,230,230,230,220,220,220,220,230,232,220,220,230,233,234,234,233,234,
  234,233,230,230,230,230,230,230,230,230,230,230,230,230,230,230,230,230,230,230,220,230,230,230,
  230,220,230,230,230,222,220,230,230,230,230,230,230,220,220,220,220,220,220,230,230,220,230,230,
  222,228,230,10,11,12,13,14,15,16,17,18,19,19,20,21,22,23,24,25,230,220,18,230,
  230,230,230,230,230,230,230,30,31,32,27,28,29,30,31,32,33,34,230,230,220,220,230,230,
  230,230,230,220,230,230,220,35,230,230,230,230,230,230,230,230,230,230,230,220,230,230,230,220,
  230,230,220,36,230,220,230,230,220,230,230,220,220,220,230,220,220,230,220,230,230,230,220,230,
  220,230,220,230,220,230,230,230,230,230,230,230,230,230,220,230,220,230,230,230,230,230,230,230,
  230,230,230,230,230,230,230,230,230,230,230,230,230,230,220,220,220,230,230,220,220,220,230,230,
  230,230,230,230,230,230,230,220,220,220,220,220,230,230,230,230,230,230,230,230,230,230,230,230,
  230,230,220,230,230,220,230,230,220,230,230,230,220,220,220,27,28,29,230,230,230,220,230,230,
  220,220,230,230,230,230,230,7,9,230,220,230,230,7,9,230,7,9,7,9,7,9,9,7,
  9,84,91,7,9,9,9,9,9,103,103,9,107,107,107,107,118,118,9,122,122,122,122,220,
  220,220,220,216,129,130,132,130,130,130,130,130,230,230,9,230,230,220,7,9,9,220,230,230,
  230,9,9,9,9,230,228,222,230,220,230,220,9,230,230,230,230,230,230,230,230,220,230,230,
  230,230,230,220,220,220,220,220,220,230,230,220,220,220,230,230,220,220,230,230,230,230,230,220,
  230,230,230,230,7,9,230,220,230,230,230,230,230,230,230,9,9,7,9,9,7,230,230,230,
  1,220,220,220,220,220,230,230,220,220,220,220,230,1,1,1,1,1,1,1,220,230,230,230,
  230,230,220,230,230,230,230,230,230,230,220,230,230,234,214,220,202,230,230,230,230,230,230,230,
  230,230,230,230,230,230,230,230,230,230,230,230,230,230,230,230,230,230,230,230,230,230,230,230,
  230,230,230,230,230,230,232,228,228,220,218,230,233,220,230,220,230,230,1,1,230,230,230,230,
  1,1,1,230,230,230,1,1,230,220,230,1,1,220,220,220,220,230,230,230,230,9,230,230,
  230,230,230,230,230,230,230,230,230,230,230,230,230,230,230,230,230,230,230,230,230,230,230,230,
  230,230,230,230,230,230,218,228,232,222,224,224,8,8,230,230,230,230,230,230,230,230,230,230,
  230,230,230,230,230,9,9,9,230,230,230,230,230,230,230,230,230,230,230,230,230,230,230,230,
  230,230,220,220,220,9,7,9,230,230,230,220,230,230,230,230,230,9,9,26,230,230,230,230,
  230,230,230,220,220,220,220,220,220,220,230,230,220,220,230,230,230,230,230,220,230,230,1,220,
  9,230,220,230,230,230,230,230,230,230,230,230,230,230,220,220,220,220,220,230,230,230,220,230,
  220,220,220,220,230,220,230,220,9,9,9,9,7,230,230,230,9,9,7,9,7,9,7,7,
  9,7,7,9,230,230,230,230,230,230,230,230,230,230,230,230,9,9,9,9,7,230,9,7,
  9,7,9,9,7,9,9,7,9,9,7,9,9,9,9,9,7,9,9,9,9,9,9,1,
  1,1,1,1,230,230,230,230,230,230,230,6,6,1,216,216,1,1,1,226,216,216,216,216,
  216,220,220,220,220,220,220,220,220,230,230,230,230,230,220,220,230,230,230,230,230,230,230,230,
  230,230,230,230,230,230,230,230,230,230,230,230,230,230,230,230,230,230,230,230,230,230,230,230,
  230,230,230,230,230,230,230,230,230,230,230,230,230,230,230,230,230,230,230,230,230,230,230,230,
  230,230,232,232,220,230,230,220,220,220,220,220,220,220,220,230,230,230,230,230,230,7,
};

constexpr uint64_t kCompKey[961] = {
  0x7800338ull,0x7A00338ull,0x7C00338ull,0x8200300ull,0x8200301ull,0x8200302ull,0x8200303ull,0x8200304ull,
  0x8200306ull,0x8200307ull,0x8200308ull,0x8200309ull,0x820030Aull,0x820030Cull,0x820030Full,0x8200311ull,
  0x8200323ull,0x8200325ull,0x8200328ull,0x8400307ull,0x8400323ull,0x8400331ull,0x8600301ull,0x8600302ull,
  0x8600307ull,0x860030Cull,0x8600327ull,0x8800307ull,0x880030Cull,0x8800323ull,0x8800327ull,0x880032Dull,
  0x8800331ull,0x8A00300ull,0x8A00301ull,0x8A00302ull,0x8A00303ull,0x8A00304ull,0x8A00306ull,0x8A00307ull,
  0x8A00308ull,0x8A00309ull,0x8A0030Cull,0x8A0030Full,0x8A00311ull,0x8A00323ull,0x8A00327ull,0x8A00328ull,
  0x8A0032Dull,0x8A00330ull,0x8C00307ull,0x8E00301ull,0x8E00302ull,0x8E00304ull,0x8E00306ull,0x8E00307ull,
  0x8E0030Cull,0x8E00327ull,0x9000302ull,0x9000307ull,0x9000308ull,0x900030Cull,0x9000323ull,0x9000327ull,
  0x900032Eull,0x9200300ull,0x9200301ull,0x9200302ull,0x9200303ull,0x9200304ull,0x9200306ull,0x9200307ull,
  0x9200308ull,0x9200309ull,0x920030Cull,0x920030Full,0x9200311ull,0x9200323ull,0x9200328ull,0x9200330ull,
  0x9400302ull,0x9600301ull,0x960030Cull,0x9600323ull,0x9600327ull,0x9600331ull,0x9800301ull,0x980030Cull,
  0x9800323ull,0x9800327ull,0x980032Dull,0x9800331ull,0x9A00301ull,0x9A00307ull,0x9A00323ull,0x9C00300ull,
  0x9C00301ull,0x9C00303ull,0x9C00307ull,0x9C0030Cull,0x9C00323ull,0x9C00327ull,0x9C0032Dull,0x9C00331ull,
  0x9E00300ull,0x9E00301ull,0x9E00302ull,0x9E00303ull,0x9E00304ull,0x9E00306ull,0x9E00307ull,0x9E00308ull,
  0x9E00309ull,0x9E0030Bull,0x9E0030Cull,0x9E0030Full,0x9E00311ull,0x9E0031Bull,0x9E00323ull,0x9E00328ull,
  0xA000301ull,0xA000307ull,0xA400301ull,0xA400307ull,0xA40030Cull,0xA40030Full,0xA400311ull,0xA400323ull,
  0xA400327ull,0xA400331ull,0xA600301ull,0xA600302ull,0xA600307ull,0xA60030Cull,0xA600323ull,0xA600326ull,
  0xA600327ull,0xA800307ull,0xA80030Cull,0xA800323ull,0xA800326ull,0xA800327ull,0xA80032Dull,0xA800331ull,
  0xAA00300ull,0xAA00301ull,0xAA00302ull,0xAA00303ull,0xAA00304ull,0xAA00306ull,0xAA00308ull,0xAA00309ull,
  0xAA0030Aull,0xAA0030Bull,0xAA0030Cull,0xAA0030Full,0xAA00311ull,0xAA0031Bull,0xAA00323ull,0xAA00324ull,
  0xAA00328ull,0xAA0032Dull,0xAA00330ull,0xAC00303ull,0xAC00323ull,0xAE00300ull,0xAE00301ull,0xAE00302ull,
  0xAE00307ull,0xAE00308ull,0xAE00323ull,0xB000307ull,0xB000308ull,0xB200300ull,0xB200301ull,0xB200302ull,
  0xB200303ull,0xB200304ull,0xB200307ull,0xB200308ull,0xB200309ull,0xB200323ull,0xB400301ull,0xB400302ull,
  0xB400307ull,0xB40030Cull,0xB400323ull,0xB400331ull,0xC200300ull,0xC200301ull,0xC200302ull,0xC200303ull,
  0xC200304ull,0xC200306ull,0xC200307ull,0xC200308ull,0xC200309ull,0xC20030Aull,0xC20030Cull,0xC20030Full,
  0xC200311ull,0xC200323ull,0xC200325ull,0xC200328ull,0xC400307ull,0xC400323ull,0xC400331ull,0xC600301ull,
  0xC600302ull,0xC600307ull,0xC60030Cull,0xC600327ull,0xC800307ull,0xC80030Cull,0xC800323ull,0xC800327ull,
  0xC80032Dull,0xC800331ull,0xCA00300ull,0xCA00301ull,0xCA00302ull,0xCA00303ull,0xCA00304ull,0xCA00306ull,
  0xCA00307ull,0xCA00308ull,0xCA00309ull,0xCA0030Cull,0xCA0030Full,0xCA00311ull,0xCA00323ull,0xCA00327ull,
  0xCA00328ull,0xCA0032Dull,0xCA00330ull,0xCC00307ull,0xCE00301ull,0xCE00302ull,0xCE00304ull,0xCE00306ull,
  0xCE00307ull,0xCE0030Cull,0xCE00327ull,0xD000302ull,0xD000307ull,0xD000308ull,0xD00030Cull,0xD000323ull,
  0xD000327ull,0xD00032Eull,0xD000331ull,0xD200300ull,0xD200301ull,0xD200302ull,0xD200303ull,0xD200304ull,
  0xD200306ull,0xD200308ull,0xD200309ull,0xD20030Cull,0xD20030Full,0xD200311ull,0xD200323ull,0xD200328ull,
  0xD200330ull,0xD400302ull,0xD40030Cull,0xD600301ull,0xD60030Cull,0xD600323ull,0xD600327ull,0xD600331ull,
  0xD800301ull,0xD80030Cull,0xD800323ull,0xD800327ull,0xD80032Dull,0xD800331ull,0xDA00301ull,0xDA00307ull,
  0xDA00323ull,0xDC00300ull,0xDC00301ull,0xDC00303ull,0xDC00307ull,0xDC0030Cull,0xDC00323ull,0xDC00327ull,
  0xDC0032Dull,0xDC00331ull,0xDE00300ull,0xDE00301ull,0xDE00302ull,0xDE00303ull,0xDE00304ull,0xDE00306ull,
  0xDE00307ull,0xDE00308ull,0xDE00309ull,0xDE0030Bull,0xDE0030Cull,0xDE0030Full,0xDE00311ull,0xDE0031Bull,
  0xDE00323ull,0xDE00328ull,0xE000301ull,0xE000307ull,0xE400301ull,0xE400307ull,0xE40030Cull,0xE40030Full,
  0xE400311ull,0xE400323ull,0xE400327ull,0xE400331ull,0xE600301ull,0xE600302ull,0xE600307ull,0xE60030Cull,
  0xE600323ull,0xE600326ull,0xE600327ull,0xE800307ull,0xE800308ull,0xE80030Cull,0xE800323ull,0xE800326ull,
  0xE800327ull,0xE80032Dull,0xE800331ull,0xEA00300ull,0xEA00301ull,0xEA00302ull,0xEA00303ull,0xEA00304ull,
  0xEA00306ull,0xEA00308ull,0xEA00309ull,0xEA0030Aull,0xEA0030Bull,0xEA0030Cull,0xEA0030Full,0xEA00311ull,
  0xEA0031Bull,0xEA00323ull,0xEA00324ull,0xEA00328ull,0xEA0032Dull,0xEA00330ull,0xEC00303ull,0xEC00323ull,
  0xEE00300ull,0xEE00301ull,0xEE00302ull,0xEE00307ull,0xEE00308ull,0xEE0030Aull,0xEE00323ull,0xF000307ull,
  0xF000308ull,0xF200300ull,0xF200301ull,0xF200302ull,0xF200303ull,0xF200304ull,0xF200307ull,0xF200308ull,
  0xF200309ull,0xF20030Aull,0xF200323ull,0xF400301ull,0xF400302ull,0xF400307ull,0xF40030Cull,0xF400323ull,
  0xF400331ull,0x15000300ull,0x15000301ull,0x15000342ull,0x18400300ull,0x18400301ull,0x18400303ull,0x18400309ull,
  0x18800304ull,0x18A00301ull,0x18C00301ull,0x18C00304ull,0x18E00301ull,0x19400300ull,0x19400301ull,0x19400303ull,
  0x19400309ull,0x19E00301ull,0x1A800300ull,0x1A800301ull,0x1A800303ull,0x1A800309ull,0x1AA00301ull,0x1AA00304ull,
  0x1AA00308ull,0x1AC00304ull,0x1B000301ull,0x1B800300ull,0x1B800301ull,0x1B800304ull,0x1B80030Cull,0x1C400300ull,
  0x1C400301ull,0x1C400303ull,0x1C400309ull,0x1C800304ull,0x1CA00301ull,0x1CC00301ull,0x1CC00304ull,0x1CE00301ull,
  0x1D400300ull,0x1D400301ull,0x1D400303ull,0x1D400309ull,0x1DE00301ull,0x1E800300ull,0x1E800301ull,0x1E800303ull,
  0x1E800309ull,0x1EA00301ull,0x1EA00304ull,0x1EA00308ull,0x1EC00304ull,0x1F000301ull,0x1F800300ull,0x1F800301ull,
  0x1F800304ull,0x1F80030Cull,0x20400300ull,0x20400301ull,0x20400303ull,0x20400309ull,0x20600300ull,0x20600301ull,
  0x20600303ull,0x20600309ull,0x22400300ull,0x22400301ull,0x22600300ull,0x22600301ull,0x29800300ull,0x29800301ull,
  0x29A00300ull,0x29A00301ull,0x2B400307ull,0x2B600307ull,0x2C000307ull,0x2C200307ull,0x2D000301ull,0x2D200301ull,
  0x2D400308ull,0x2D600308ull,0x2FE00307ull,0x34000300ull,0x34000301ull,0x34000303ull,0x34000309ull,0x34000323ull,
  0x34200300ull,0x34200301ull,0x34200303ull,0x34200309ull,0x34200323ull,0x35E00300ull,0x35E00301ull,0x35E00303ull,
  0x35E00309ull,0x35E00323ull,0x36000300ull,0x36000301ull,0x36000303ull,0x36000309ull,0x36000323ull,0x36E0030Cull,
  0x3D400304ull,0x3D600304ull,0x44C00304ull,0x44E00304ull,0x45000306ull,0x45200306ull,0x45C00304ull,0x45E00304ull,
  0x5240030Cull,0x72200300ull,0x72200301ull,0x72200304ull,0x72200306ull,0x72200313ull,0x72200314ull,0x72200345ull,
  0x72A00300ull,0x72A00301ull,0x72A00313ull,0x72A00314ull,0x72E00300ull,0x72E00301ull,0x72E00313ull,0x72E00314ull,
  0x72E00345ull,0x73200300ull,0x73200301ull,0x73200304ull,0x73200306ull,0x73200308ull,0x73200313ull,0x73200314ull,
  0x73E00300ull,0x73E00301ull,0x73E00313ull,0x73E00314ull,0x74200314ull,0x74A00300ull,0x74A00301ull,0x74A00304ull,
  0x74A00306ull,0x74A00308ull,0x74A00314ull,0x75200300ull,0x75200301ull,0x75200313ull,0x75200314ull,0x75200345ull,
  0x75800345ull,0x75C00345ull,0x76200300ull,0x76200301ull,0x76200304ull,0x76200306ull,0x76200313ull,0x76200314ull,
  0x76200342ull,0x76200345ull,0x76A00300ull,0x76A00301ull,0x76A00313ull,0x76A00314ull,0x76E00300ull,0x76E00301ull,
  0x76E00313ull,0x76E00314ull,0x76E00342ull,0x76E00345ull,0x77200300ull,0x77200301ull,0x77200304ull,0x77200306ull,
  0x77200308ull,0x77200313ull,0x77200314ull,0x77200342ull,0x77E00300ull,0x77E00301ull,0x77E00313ull,0x77E00314ull,
  0x78200313ull,0x78200314ull,0x78A00300ull,0x78A00301ull,0x78A00304ull,0x78A00306ull,0x78A00308ull,0x78A00313ull,
  0x78A00314ull,0x78A00342ull,0x79200300ull,0x79200301ull,0x79200313ull,0x79200314ull,0x79200342ull,0x79200345ull,
  0x79400300ull,0x79400301ull,0x79400342ull,0x79600300ull,0x79600301ull,0x79600342ull,0x79C00345ull,0x7A400301ull,
  0x7A400308ull,0x80C00308ull,0x82000306ull,0x82000308ull,0x82600301ull,0x82A00300ull,0x82A00306ull,0x82A00308ull,
  0x82C00306ull,0x82C00308ull,0x82E00308ull,0x83000300ull,0x83000304ull,0x83000306ull,0x83000308ull,0x83400301ull,
  0x83C00308ull,0x84600304ull,0x84600306ull,0x84600308ull,0x8460030Bull,0x84E00308ull,0x85600308ull,0x85A00308ull,
  0x86000306ull,0x86000308ull,0x86600301ull,0x86A00300ull,0x86A00306ull,0x86A00308ull,0x86C00306ull,0x86C00308ull,
  0x86E00308ull,0x87000300ull,0x87000304ull,0x87000306ull,0x87000308ull,0x87400301ull,0x87C00308ull,0x88600304ull,
  0x88600306ull,0x88600308ull,0x8860030Bull,0x88E00308ull,0x89600308ull,0x89A00308ull,0x8AC00308ull,0x8E80030Full,
  0x8EA0030Full,0x9B000308ull,0x9B200308ull,0x9D000308ull,0x9D200308ull,0xC4E00653ull,0xC4E00654ull,0xC4E00655ull,
  0xC9000654ull,0xC9400654ull,0xD8200654ull,0xDA400654ull,0xDAA00654ull,0x12500093Cull,0x12600093Cull,0x12660093Cull,
  0x138E009BEull,0x138E009D7ull,0x168E00B3Eull,0x168E00B56ull,0x168E00B57ull,0x172400BD7ull,0x178C00BBEull,0x178C00BD7ull,
  0x178E00BBEull,0x188C00C56ull,0x197E00CD5ull,0x198C00CC2ull,0x198C00CD5ull,0x198C00CD6ull,0x199400CD5ull,0x1A8C00D3Eull,
  0x1A8C00D57ull,0x1A8E00D3Eull,0x1BB200DCAull,0x1BB200DCFull,0x1BB200DDFull,0x1BB800DCAull,0x204A0102Eull,0x360A01B35ull,
  0x360E01B35ull,0x361201B35ull,0x361601B35ull,0x361A01B35ull,0x362201B35ull,0x367401B35ull,0x367801B35ull,0x367C01B35ull,
  0x367E01B35ull,0x368401B35ull,0x3C6C00304ull,0x3C6E00304ull,0x3CB400304ull,0x3CB600304ull,0x3CC400307ull,0x3CC600307ull,
  0x3D4000302ull,0x3D4000306ull,0x3D4200302ull,0x3D4200306ull,0x3D7000302ull,0x3D7200302ull,0x3D9800302ull,0x3D9A00302ull,
  0x3E0000300ull,0x3E0000301ull,0x3E0000342ull,0x3E0000345ull,0x3E0200300ull,0x3E0200301ull,0x3E0200342ull,0x3E0200345ull,
  0x3E0400345ull,0x3E0600345ull,0x3E0800345ull,0x3E0A00345ull,0x3E0C00345ull,0x3E0E00345ull,0x3E1000300ull,0x3E1000301ull,
  0x3E1000342ull,0x3E1000345ull,0x3E1200300ull,0x3E1200301ull,0x3E1200342ull,0x3E1200345ull,0x3E1400345ull,0x3E1600345ull,
  0x3E1800345ull,0x3E1A00345ull,0x3E1C00345ull,0x3E1E00345ull,0x3E2000300ull,0x3E2000301ull,0x3E2200300ull,0x3E2200301ull,
  0x3E3000300ull,0x3E3000301ull,0x3E3200300ull,0x3E3200301ull,0x3E4000300ull,0x3E4000301ull,0x3E4000342ull,0x3E4000345ull,
  0x3E4200300ull,0x3E4200301ull,0x3E4200342ull,0x3E4200345ull,0x3E4400345ull,0x3E4600345ull,0x3E4800345ull,0x3E4A00345ull,
  0x3E4C00345ull,0x3E4E00345ull,0x3E5000300ull,0x3E5000301ull,0x3E5000342ull,0x3E5000345ull,0x3E5200300ull,0x3E5200301ull,
  0x3E5200342ull,0x3E5200345ull,0x3E5400345ull,0x3E5600345ull,0x3E5800345ull,0x3E5A00345ull,0x3E5C00345ull,0x3E5E00345ull,
  0x3E6000300ull,0x3E6000301ull,0x3E6000342ull,0x3E6200300ull,0x3E6200301ull,0x3E6200342ull,0x3E7000300ull,0x3E7000301ull,
  0x3E7000342ull,0x3E7200300ull,0x3E7200301ull,0x3E7200342ull,0x3E8000300ull,0x3E8000301ull,0x3E8200300ull,0x3E8200301ull,
  0x3E9000300ull,0x3E9000301ull,0x3E9200300ull,0x3E9200301ull,0x3EA000300ull,0x3EA000301ull,0x3EA000342ull,0x3EA200300ull,
  0x3EA200301ull,0x3EA200342ull,0x3EB200300ull,0x3EB200301ull,0x3EB200342ull,0x3EC000300ull,0x3EC000301ull,0x3EC000342ull,
  0x3EC000345ull,0x3EC200300ull,0x3EC200301ull,0x3EC200342ull,0x3EC200345ull,0x3EC400345ull,0x3EC600345ull,0x3EC800345ull,
  0x3ECA00345ull,0x3ECC00345ull,0x3ECE00345ull,0x3ED000300ull,0x3ED000301ull,0x3ED000342ull,0x3ED000345ull,0x3ED200300ull,
  0x3ED200301ull,0x3ED200342ull,0x3ED200345ull,0x3ED400345ull,0x3ED600345ull,0x3ED800345ull,0x3EDA00345ull,0x3EDC00345ull,
  0x3EDE00345ull,0x3EE000345ull,0x3EE800345ull,0x3EF800345ull,0x3F6C00345ull,0x3F7E00300ull,0x3F7E00301ull,0x3F7E00342ull,
  0x3F8C00345ull,0x3FEC00345ull,0x3FFC00300ull,0x3FFC00301ull,0x3FFC00342ull,0x432000338ull,0x432400338ull,0x432800338ull,
  0x43A000338ull,0x43A400338ull,0x43A800338ull,0x440600338ull,0x441000338ull,0x441600338ull,0x444600338ull,0x444A00338ull,
  0x447800338ull,0x448600338ull,0x448A00338ull,0x449000338ull,0x449A00338ull,0x44C200338ull,0x44C800338ull,0x44CA00338ull,
  0x44E400338ull,0x44E600338ull,0x44EC00338ull,0x44EE00338ull,0x44F400338ull,0x44F600338ull,0x44F800338ull,0x44FA00338ull,
  0x450400338ull,0x450600338ull,0x450C00338ull,0x450E00338ull,0x452200338ull,0x452400338ull,0x454400338ull,0x455000338ull,
  0x455200338ull,0x455600338ull,0x456400338ull,0x456600338ull,0x456800338ull,0x456A00338ull,0x608C03099ull,0x609603099ull,
  0x609A03099ull,0x609E03099ull,0x60A203099ull,0x60A603099ull,0x60AA03099ull,0x60AE03099ull,0x60B203099ull,0x60B603099ull,
  0x60BA03099ull,0x60BE03099ull,0x60C203099ull,0x60C803099ull,0x60CC03099ull,0x60D003099ull,0x60DE03099ull,0x60DE0309Aull,
  0x60E403099ull,0x60E40309Aull,0x60EA03099ull,0x60EA0309Aull,0x60F003099ull,0x60F00309Aull,0x60F603099ull,0x60F60309Aull,
  0x613A03099ull,0x614C03099ull,0x615603099ull,0x615A03099ull,0x615E03099ull,0x616203099ull,0x616603099ull,0x616A03099ull,
  0x616E03099ull,0x617203099ull,0x617603099ull,0x617A03099ull,0x617E03099ull,0x618203099ull,0x618803099ull,0x618C03099ull,
  0x619003099ull,0x619E03099ull,0x619E0309Aull,0x61A403099ull,0x61A40309Aull,0x61AA03099ull,0x61AA0309Aull,0x61B003099ull,
  0x61B00309Aull,0x61B603099ull,0x61B60309Aull,0x61DE03099ull,0x61E003099ull,0x61E203099ull,0x61E403099ull,0x61FA03099ull,
  0x20BA400307ull,0x20BB400307ull,0x22132110BAull,0x22136110BAull,0x2214A110BAull,0x2226211127ull,0x2226411127ull,0x2268E1133Eull,
  0x2268E11357ull,0x22704113C9ull,0x22708113BBull,0x22716113C2ull,0x22720113C9ull,0x22784113B8ull,0x22784113C2ull,0x22784113C9ull,
  0x22972114B0ull,0x22972114BAull,0x22972114BDull,0x22B70115AFull,0x22B72115AFull,0x2326A11930ull,0x2C23C1611Eull,0x2C23C1611Full,
  0x2C23C16120ull,0x2C23C16129ull,0x2C2421611Full,0x2C24216120ull,0x2C2441611Full,0x2C2521611Full,0x2DAC616D67ull,0x2DACE16D67ull,
  0x2DAD216D67ull,
};

constexpr uint32_t kCompVal[961] = {
  0x226E,0x2260,0x226F,0xC0,0xC1,0xC2,0xC3,0x100,0x102,0x226,0xC4,0x1EA2,
  0xC5,0x1CD,0x200,0x202,0x1EA0,0x1E00,0x104,0x1E02,0x1E04,0x1E06,0x106,0x108,
  0x10A,0x10C,0xC7,0x1E0A,0x10E,0x1E0C,0x1E10,0x1E12,0x1E0E,0xC8,0xC9,0xCA,
  0x1EBC,0x112,0x114,0x116,0xCB,0x1EBA,0x11A,0x204,0x206,0x1EB8,0x228,0x118,
  0x1E18,0x1E1A,0x1E1E,0x1F4,0x11C,0x1E20,0x11E,0x120,0x1E6,0x122,0x124,0x1E22,
  0x1E26,0x21E,0x1E24,0x1E28,0x1E2A,0xCC,0xCD,0xCE,0x128,0x12A,0x12C,0x130,
  0xCF,0x1EC8,0x1CF,0x208,0x20A,0x1ECA,0x12E,0x1E2C,0x134,0x1E30,0x1E8,0x1E32,
  0x136,0x1E34,0x139,0x13D,0x1E36,0x13B,0x1E3C,0x1E3A,0x1E3E,0x1E40,0x1E42,0x1F8,
  0x143,0xD1,0x1E44,0x147,0x1E46,0x145,0x1E4A,0x1E48,0xD2,0xD3,0xD4,0xD5,
  0x14C,0x14E,0x22E,0xD6,0x1ECE,0x150,0x1D1,0x20C,0x20E,0x1A0,0x1ECC,0x1EA,
  0x1E54,0x1E56,0x154,0x1E58,0x158,0x210,0x212,0x1E5A,0x156,0x1E5E,0x15A,0x15C,
  0x1E60,0x160,0x1E62,0x218,0x15E,0x1E6A,0x164,0x1E6C,0x21A,0x162,0x1E70,0x1E6E,
  0xD9,0xDA,0xDB,0x168,0x16A,0x16C,0xDC,0x1EE6,0x16E,0x170,0x1D3,0x214,
  0x216,0x1AF,0x1EE4,0x1E72,0x172,0x1E76,0x1E74,0x1E7C,0x1E7E,0x1E80,0x1E82,0x174,
  0x1E86,0x1E84,0x1E88,0x1E8A,0x1E8C,0x1EF2,0xDD,0x176,0x1EF8,0x232,0x1E8E,0x178,
  0x1EF6,0x1EF4,0x179,0x1E90,0x17B,0x17D,0x1E92,0x1E94,0xE0,0xE1,0xE2,0xE3,
  0x101,0x103,0x227,0xE4,0x1EA3,0xE5,0x1CE,0x201,0x203,0x1EA1,0x1E01,0x105,
  0x1E03,0x1E05,0x1E07,0x107,0x109,0x10B,0x10D,0xE7,0x1E0B,0x10F,0x1E0D,0x1E11,
  0x1E13,0x1E0F,0xE8,0xE9,0xEA,0x1EBD,0x113,0x115,0x117,0xEB,0x1EBB,0x11B,
  0x205,0x207,0x1EB9,0x229,0x119,0x1E19,0x1E1B,0x1E1F,0x1F5,0x11D,0x1E21,0x11F,
  0x121,0x1E7,0x123,0x125,0x1E23,0x1E27,0x21F,0x1E25,0x1E29,0x1E2B,0x1E96,0xEC,
  0xED,0xEE,0x129,0x12B,0x12D,0xEF,0x1EC9,0x1D0,0x209,0x20B,0x1ECB,0x12F,
  0x1E2D,0x135,0x1F0,0x1E31,0x1E9,0x1E33,0x137,0x1E35,0x13A,0x13E,0x1E37,0x13C,
  0x1E3D,0x1E3B,0x1E3F,0x1E41,0x1E43,0x1F9,0x144,0xF1,0x1E45,0x148,0x1E47,0x146,
  0x1E4B,0x1E49,0xF2,0xF3,0xF4,0xF5,0x14D,0x14F,0x22F,0xF6,0x1ECF,0x151,
  0x1D2,0x20D,0x20F,0x1A1,0x1ECD,0x1EB,0x1E55,0x1E57,0x155,0x1E59,0x159,0x211,
  0x213,0x1E5B,0x157,0x1E5F,0x15B,0x15D,0x1E61,0x161,0x1E63,0x219,0x15F,0x1E6B,
  0x1E97,0x165,0x1E6D,0x21B,0x163,0x1E71,0x1E6F,0xF9,0xFA,0xFB,0x169,0x16B,
  0x16D,0xFC,0x1EE7,0x16F,0x171,0x1D4,0x215,0x217,0x1B0,0x1EE5,0x1E73,0x173,
  0x1E77,0x1E75,0x1E7D,0x1E7F,0x1E81,0x1E83,0x175,0x1E87,0x1E85,0x1E98,0x1E89,0x1E8B,
  0x1E8D,0x1EF3,0xFD,0x177,0x1EF9,0x233,0x1E8F,0xFF,0x1EF7,0x1E99,0x1EF5,0x17A,
  0x1E91,0x17C,0x17E,0x1E93,0x1E95,0x1FED,0x385,0x1FC1,0x1EA6,0x1EA4,0x1EAA,0x1EA8,
  0x1DE,0x1FA,0x1FC,0x1E2,0x1E08,0x1EC0,0x1EBE,0x1EC4,0x1EC2,0x1E2E,0x1ED2,0x1ED0,
  0x1ED6,0x1ED4,0x1E4C,0x22C,0x1E4E,0x22A,0x1FE,0x1DB,0x1D7,0x1D5,0x1D9,0x1EA7,
  0x1EA5,0x1EAB,0x1EA9,0x1DF,0x1FB,0x1FD,0x1E3,0x1E09,0x1EC1,0x1EBF,0x1EC5,0x1EC3,
  0x1E2F,0x1ED3,0x1ED1,0x1ED7,0x1ED5,0x1E4D,0x22D,0x1E4F,0x22B,0x1FF,0x1DC,0x1D8,
  0x1D6,0x1DA,0x1EB0,0x1EAE,0x1EB4,0x1EB2,0x1EB1,0x1EAF,0x1EB5,0x1EB3,0x1E14,0x1E16,
  0x1E15,0x1E17,0x1E50,0x1E52,0x1E51,0x1E53,0x1E64,0x1E65,0x1E66,0x1E67,0x1E78,0x1E79,
  0x1E7A,0x1E7B,0x1E9B,0x1EDC,0x1EDA,0x1EE0,0x1EDE,0x1EE2,0x1EDD,0x1EDB,0x1EE1,0x1EDF,
  0x1EE3,0x1EEA,0x1EE8,0x1EEE,0x1EEC,0x1EF0,0x1EEB,0x1EE9,0x1EEF,0x1EED,0x1EF1,0x1EE,
  0x1EC,0x1ED,0x1E0,0x1E1,0x1E1C,0x1E1D,0x230,0x231,0x1EF,0x1FBA,0x386,0x1FB9,
  0x1FB8,0x1F08,0x1F09,0x1FBC,0x1FC8,0x388,0x1F18,0x1F19,0x1FCA,0x389,0x1F28,0x1F29,
  0x1FCC,0x1FDA,0x38A,0x1FD9,0x1FD8,0x3AA,0x1F38,0x1F39,0x1FF8,0x38C,0x1F48,0x1F49,
  0x1FEC,0x1FEA,0x38E,0x1FE9,0x1FE8,0x3AB,0x1F59,0x1FFA,0x38F,0x1F68,0x1F69,0x1FFC,
  0x1FB4,0x1FC4,0x1F70,0x3AC,0x1FB1,0x1FB0,0x1F00,0x1F01,0x1FB6,0x1FB3,0x1F72,0x3AD,
  0x1F10,0x1F11,0x1F74,0x3AE,0x1F20,0x1F21,0x1FC6,0x1FC3,0x1F76,0x3AF,0x1FD1,0x1FD0,
  0x3CA,0x1F30,0x1F31,0x1FD6,0x1F78,0x3CC,0x1F40,0x1F41,0x1FE4,0x1FE5,0x1F7A,0x3CD,
  0x1FE1,0x1FE0,0x3CB,0x1F50,0x1F51,0x1FE6,0x1F7C,0x3CE,0x1F60,0x1F61,0x1FF6,0x1FF3,
  0x1FD2,0x390,0x1FD7,0x1FE2,0x3B0,0x1FE7,0x1FF4,0x3D3,0x3D4,0x407,0x4D0,0x4D2,
  0x403,0x400,0x4D6,0x401,0x4C1,0x4DC,0x4DE,0x40D,0x4E2,0x419,0x4E4,0x40C,
  0x4E6,0x4EE,0x40E,0x4F0,0x4F2,0x4F4,0x4F8,0x4EC,0x4D1,0x4D3,0x453,0x450,
  0x4D7,0x451,0x4C2,0x4DD,0x4DF,0x45D,0x4E3,0x439,0x4E5,0x45C,0x4E7,0x4EF,
  0x45E,0x4F1,0x4F3,0x4F5,0x4F9,0x4ED,0x457,0x476,0x477,0x4DA,0x4DB,0x4EA,
  0x4EB,0x622,0x623,0x625,0x624,0x626,0x6C2,0x6D3,0x6C0,0x929,0x931,0x934,
  0x9CB,0x9CC,0xB4B,0xB48,0xB4C,0xB94,0xBCA,0xBCC,0xBCB,0xC48,0xCC0,0xCCA,
  0xCC7,0xCC8,0xCCB,0xD4A,0xD4C,0xD4B,0xDDA,0xDDC,0xDDE,0xDDD,0x1026,0x1B06,
  0x1B08,0x1B0A,0x1B0C,0x1B0E,0x1B12,0x1B3B,0x1B3D,0x1B40,0x1B41,0x1B43,0x1E38,0x1E39,
  0x1E5C,0x1E5D,0x1E68,0x1E69,0x1EAC,0x1EB6,0x1EAD,0x1EB7,0x1EC6,0x1EC7,0x1ED8,0x1ED9,
  0x1F02,0x1F04,0x1F06,0x1F80,0x1F03,0x1F05,0x1F07,0x1F81,0x1F82,0x1F83,0x1F84,0x1F85,
  0x1F86,0x1F87,0x1F0A,0x1F0C,0x1F0E,0x1F88,0x1F0B,0x1F0D,0x1F0F,0x1F89,0x1F8A,0x1F8B,
  0x1F8C,0x1F8D,0x1F8E,0x1F8F,0x1F12,0x1F14,0x1F13,0x1F15,0x1F1A,0x1F1C,0x1F1B,0x1F1D,
  0x1F22,0x1F24,0x1F26,0x1F90,0x1F23,0x1F25,0x1F27,0x1F91,0x1F92,0x1F93,0x1F94,0x1F95,
  0x1F96,0x1F97,0x1F2A,0x1F2C,0x1F2E,0x1F98,0x1F2B,0x1F2D,0x1F2F,0x1F99,0x1F9A,0x1F9B,
  0x1F9C,0x1F9D,0x1F9E,0x1F9F,0x1F32,0x1F34,0x1F36,0x1F33,0x1F35,0x1F37,0x1F3A,0x1F3C,
  0x1F3E,0x1F3B,0x1F3D,0x1F3F,0x1F42,0x1F44,0x1F43,0x1F45,0x1F4A,0x1F4C,0x1F4B,0x1F4D,
  0x1F52,0x1F54,0x1F56,0x1F53,0x1F55,0x1F57,0x1F5B,0x1F5D,0x1F5F,0x1F62,0x1F64,0x1F66,
  0x1FA0,0x1F63,0x1F65,0x1F67,0x1FA1,0x1FA2,0x1FA3,0x1FA4,0x1FA5,0x1FA6,0x1FA7,0x1F6A,
  0x1F6C,0x1F6E,0x1FA8,0x1F6B,0x1F6D,0x1F6F,0x1FA9,0x1FAA,0x1FAB,0x1FAC,0x1FAD,0x1FAE,
  0x1FAF,0x1FB2,0x1FC2,0x1FF2,0x1FB7,0x1FCD,0x1FCE,0x1FCF,0x1FC7,0x1FF7,0x1FDD,0x1FDE,
  0x1FDF,0x219A,0x219B,0x21AE,0x21CD,0x21CF,0x21CE,0x2204,0x2209,0x220C,0x2224,0x2226,
  0x2241,0x2244,0x2247,0x2249,0x226D,0x2262,0x2270,0x2271,0x2274,0x2275,0x2278,0x2279,
  0x2280,0x2281,0x22E0,0x22E1,0x2284,0x2285,0x2288,0x2289,0x22E2,0x22E3,0x22AC,0x22AD,
  0x22AE,0x22AF,0x22EA,0x22EB,0x22EC,0x22ED,0x3094,0x304C,0x304E,0x3050,0x3052,0x3054,
  0x3056,0x3058,0x305A,0x305C,0x305E,0x3060,0x3062,0x3065,0x3067,0x3069,0x3070,0x3071,
  0x3073,0x3074,0x3076,0x3077,0x3079,0x307A,0x307C,0x307D,0x309E,0x30F4,0x30AC,0x30AE,
  0x30B0,0x30B2,0x30B4,0x30B6,0x30B8,0x30BA,0x30BC,0x30BE,0x30C0,0x30C2,0x30C5,0x30C7,
  0x30C9,0x30D0,0x30D1,0x30D3,0x30D4,0x30D6,0x30D7,0x30D9,0x30DA,0x30DC,0x30DD,0x30F7,
  0x30F8,0x30F9,0x30FA,0x30FE,0x105C9,0x105E4,0x1109A,0x1109C,0x110AB,0x1112E,0x1112F,0x1134B,
  0x1134C,0x11383,0x11385,0x1138E,0x11391,0x113C7,0x113C5,0x113C8,0x114BC,0x114BB,0x114BE,0x115BA,
  0x115BB,0x11938,0x16121,0x16123,0x16125,0x16122,0x16126,0x16128,0x16127,0x16124,0x16D69,0x16D68,
  0x16D6A,
};

}}  // namespace vtx::uni
